-- phpMyAdmin SQL Dump
-- version 5.2.1
-- https://www.phpmyadmin.net/
--
-- Servidor: 127.0.0.1
-- Tiempo de generación: 04-11-2025 a las 18:38:29
-- Versión del servidor: 10.4.32-MariaDB
-- Versión de PHP: 8.2.12

SET SQL_MODE = "NO_AUTO_VALUE_ON_ZERO";
START TRANSACTION;
SET time_zone = "+00:00";


/*!40101 SET @OLD_CHARACTER_SET_CLIENT=@@CHARACTER_SET_CLIENT */;
/*!40101 SET @OLD_CHARACTER_SET_RESULTS=@@CHARACTER_SET_RESULTS */;
/*!40101 SET @OLD_COLLATION_CONNECTION=@@COLLATION_CONNECTION */;
/*!40101 SET NAMES utf8mb4 */;

--
-- Base de datos: `licencia3`
--

-- --------------------------------------------------------

--
-- Estructura de tabla para la tabla `giro`
--

CREATE TABLE `giro` (
  `idgiro` int(11) NOT NULL,
  `nombregiro` varchar(60) NOT NULL
) ENGINE=InnoDB DEFAULT CHARSET=utf8 COLLATE=utf8_spanish_ci;

--
-- Volcado de datos para la tabla `giro`
--

INSERT INTO `giro` (`idgiro`, `nombregiro`) VALUES
(1, 'RESTAURANTE'),
(2, 'Tienda de ropa'),
(3, 'Salón de belleza'),
(4, 'Gimnasio'),
(5, 'Librería'),
(6, 'Cafetería'),
(7, 'Farmacia'),
(8, 'Parque de atracciones'),
(9, 'PELUQUERIA'),
(10, 'Panadería'),
(11, 'Veterinaria'),
(12, 'Cine'),
(13, 'Joyas'),
(14, 'Supermercado'),
(15, 'Gasolinera'),
(16, 'Spa'),
(17, 'Tienda de electrónica'),
(18, 'Tienda de juguetes'),
(19, 'Taller de automóviles'),
(20, 'Tienda de música'),
(21, 'BODEGA'),
(22, 'BAZAR'),
(23, 'Consultoria'),
(24, 'RESTAURANTE Y SERVICIO MOVIL DE COMIDA'),
(25, 'BANCO MICRO EMPRESA'),
(26, 'CAFETERIA - FUENTE DE SODA'),
(27, 'HOSPEDAJE'),
(28, 'BANCO'),
(29, 'MINIMARKET'),
(30, 'VENTA DE ACCESORIOS PARA CELULARES'),
(31, 'FUENTE DE SODA'),
(32, 'LAVANDERIA / TINTORERIA'),
(33, 'VENTA DE REPUESTO DE MOTOS'),
(34, 'SERVICIO INFORMATICO Y VENTA DE ACCESORIOS'),
(35, 'VENTA DE ROPA DEPORTIVA'),
(36, 'AGENTE'),
(37, 'ESTRUCTURAS METALICAS'),
(38, 'ESTUDIO JURIDICO'),
(39, 'CENTRO NATURISTA'),
(40, 'VENTA DE PRODUCTOS VETERINARIOS'),
(41, 'PRODUCTOS VETERINARIOS'),
(42, 'SERVICIO DE LAVADO DE AUTOS'),
(43, 'HOTEL'),
(44, 'SERVICIO TECNICO DE CELULARES'),
(45, 'BOTICA'),
(46, 'GRASS SINTÉTICO'),
(47, 'BARBERIA'),
(48, 'CASA DE CAMBIO Y PRESTAMO DE DINERO'),
(49, 'CASA DE CAMBIO Y PRESTAMOS'),
(50, 'MULTISERVICIOS AUTOMOTRIZ'),
(51, 'VENTA DE PRODUCTOS SIDERURGICOS'),
(52, 'SERVICIOS GENERALES'),
(53, 'ENSEÑANZA – INICIAL, PRIMARIA, SECUNDARIA Y OTROS.'),
(54, 'ENSEÑANZA INICIAL, PRIMARIA, SECUNDARIA Y OTROS.'),
(55, 'COPIAS - IMPRESIONES'),
(56, 'PASTELERIA'),
(57, 'BAZAR Y REGALOS'),
(58, 'BOTICA - PERFUMERIA'),
(59, 'FERRETERIA'),
(60, 'LOCERIA'),
(61, 'BISUTERIA - JUGUETERIA'),
(62, 'OFICINA ADMINISTRATIVA'),
(63, 'ACUICULTURA DE AGUA DULCE'),
(64, 'PANADERIA - PASTELERIA'),
(65, 'SERVICIOS FINANCIEROS'),
(66, 'MARISQUERIA'),
(67, 'CAR WASH'),
(68, 'ESTACION DE RUTA'),
(69, 'CENTRO DE MASAJES'),
(70, 'CENTRO ODONTOLOGICO'),
(71, 'JUEGOS DE AZAR Y APUESTA'),
(72, 'SERV. DE SEURIDAD PRIVADA'),
(73, 'SERVICIO DE SEGURIDAD PRIVADA'),
(74, 'VENTA DE AGROQUIMICOS'),
(75, 'CONFITERIA'),
(76, 'confiteria'),
(77, 'FLORERIA'),
(78, 'MULTISERVICIOS'),
(79, 'MULTISERVICIOS- IMPRENTA'),
(80, 'VENTA DE MUEBLES Y CORTINAS'),
(81, 'VENTA DE INSUMOS AGROPECUARIOS'),
(82, 'MARMOLERIA'),
(83, 'CONSULTORIO MEDICO'),
(84, 'LIBRERIA - BAZAR'),
(85, 'VENTA ROPA CALZADO Y ACCESORIOS'),
(86, 'VENTA DE ROPA CALZADOS Y ACCESORIOS'),
(87, 'OFICINA DE TELECOMUNICACIONES'),
(88, 'TIENDA - BAZAR'),
(89, 'VENTA DE EQUIPOS MOVILES'),
(90, 'SERVICIO TECNICO DE CELULARES'),
(91, 'PLASTIQUERIA'),
(92, 'CONFITERIA-'),
(93, 'INTERMEDIACIÓN MONETARIA'),
(94, 'CERCOS PREFABRICADOS'),
(95, 'ARTICULOS DE FERRETERIA'),
(96, 'ALMACEN'),
(97, 'PIÑATERIA BAZAR'),
(98, 'INDUSTRIA'),
(99, 'ZAPATERIA'),
(100, 'SERVICIO DE CABINAS DE INTERNET'),
(101, 'TIENDA DE MASCOTAS'),
(102, 'VENTA DE PARTES Y ACCESORIOS PARA VEHICULOS AUTOMOTORES'),
(103, 'VENTAS DE PARTES Y ACCESORIOS PARA VEHICULOS AUTOMOTORES'),
(104, 'EDUCACION'),
(105, 'VENTA DE ROPAS Y ACCESORIOS'),
(106, 'AGROVETERINARIA'),
(107, 'VENTA DE LUBRICANTES PARA VEHICULOS'),
(108, 'GUARDERÍA'),
(109, 'FUNCION ENCUENTRO'),
(110, 'HELADERIA'),
(111, 'VIDRIERIA'),
(112, 'CONSULTORIA DE GESTION'),
(113, 'CENTRO DE RECEPCIONES'),
(114, 'VENTA DE PRODUCTOS NATURALES'),
(115, 'VENTA DE ROPAS'),
(116, 'SALON DE RECEPCIONES'),
(117, 'ATENCION MEDICA ESPECIALIZADA'),
(118, 'CENTRO DE TERAPIA FISICA'),
(119, 'GUARDERIA - CENTRO INFANTIL'),
(120, 'BAZAR - DECORACIONES'),
(121, 'ATENCION EN SALUD HUMANA'),
(122, 'VENTA DE PRODUCTOS BALANCEADOS Y CONCENTRADOS'),
(123, 'BAZAR-TEXTIL'),
(124, 'JUEGOS RECREATIVOS'),
(125, 'VENTA DE PRODUCTOS AGROVETERINARIOS'),
(126, 'VENTA DE PROD. AGROVETERINARIOS'),
(127, 'VENTA DE CALZADOS'),
(128, 'VENTA DE CALZADOS'),
(131, 'VENTA DE CALZADOS'),
(132, 'VENTA DE CALZADOS'),
(133, 'VENTA DE MUEBLES PARA ANIMALES'),
(134, 'VENTA DE PRODUCTOS AGROQUIMICOS'),
(135, 'GALERIAS');

-- --------------------------------------------------------

--
-- Estructura de tabla para la tabla `intervenciones`
--

CREATE TABLE `intervenciones` (
  `idintervencion` int(11) NOT NULL,
  `idlicencia` int(11) NOT NULL,
  `idtienda` int(11) DEFAULT NULL,
  `fecha` date NOT NULL,
  `descripcion` varchar(255) NOT NULL
) ENGINE=InnoDB DEFAULT CHARSET=utf8 COLLATE=utf8_spanish_ci;

-- --------------------------------------------------------

--
-- Estructura de tabla para la tabla `licencia`
--

CREATE TABLE `licencia` (
  `idlicencia` int(11) NOT NULL,
  `exp_num` varchar(90) NOT NULL,
  `idtienda` int(11) NOT NULL,
  `idgiro` int(11) NOT NULL,
  `nombre_comercial` varchar(90) NOT NULL,
  `numrecibo_tesoreria` varchar(90) NOT NULL,
  `num_resolucion` varchar(90) NOT NULL,
  `vigencia_lic` date DEFAULT NULL,
  `fecha_ingreso` date NOT NULL,
  `fecha_expedicion` varchar(50) NOT NULL,
  `qr` varchar(50) NOT NULL,
  `tipo_lic` char(1) NOT NULL,
  `num_tipolic` char(6) NOT NULL,
  `condicion` tinyint(4) NOT NULL DEFAULT 1,
  `NumResITSE` varchar(90) NOT NULL,
  `EstadoITSE` tinyint(1) DEFAULT 1,
  `expedicionITSE` date NOT NULL,
  `vigenciaITSE` date NOT NULL
) ENGINE=InnoDB DEFAULT CHARSET=utf8 COLLATE=utf8_spanish_ci;

--
-- Volcado de datos para la tabla `licencia`
--

INSERT INTO `licencia` (`idlicencia`, `exp_num`, `idtienda`, `idgiro`, `nombre_comercial`, `numrecibo_tesoreria`, `num_resolucion`, `vigencia_lic`, `fecha_ingreso`, `fecha_expedicion`, `qr`, `tipo_lic`, `num_tipolic`, `condicion`, `NumResITSE`, `EstadoITSE`, `expedicionITSE`, `vigenciaITSE`) VALUES
(61, '00003', 166, 2, 'Bodega', '003', '0003', '2023-10-27', '2023-01-12', 'simple', '00003.png', '2', '000002', 1, '0003', 1, '2023-07-12', '2025-07-12'),
(62, '00004', 21, 15, 'Petro Peru', '004', '004', '2023-12-10', '2023-07-12', 'Simple', '00004.png', '2', '000003', 1, '004', 1, '2023-08-15', '2025-08-15'),
(63, '00005', 19, 12, 'Restaurant modernoN', '105', '609', '0001-01-01', '2023-07-14', 'EJEMPLO', '00005.png', '1', '000002', 1, '095', 1, '2023-07-12', '2025-07-12'),
(64, '666', 19, 21, 'PRUEBAfff', '', '3433', '0001-01-01', '2023-07-05', '', '.png', '1', '000004', 1, '', 1, '2023-08-08', '2025-08-08'),
(65, '12139', 447, 23, 'CENTRO DENTAL RENACE  DENT', '000793', '192', '0001-01-01', '2023-08-23', 'LUMINOSO', '12139.png', '1', '000005', 1, '', 1, '0000-00-00', '0000-00-00'),
(66, '12117', 383, 24, 'SALCHIPAPERIA MARY', '000792', '189', '0000-00-00', '2023-08-23', 'SIMPLE', '12117.png', '2', '000004', 1, '', 1, '0000-00-00', '0000-00-00'),
(67, '13644', 546, 21, 'LA MINA DEL DUENDE', '00000', '222', '2024-03-21', '2023-09-21', 'LUMINOSO', '13644.png', '2', '000005', 1, '', 1, '0000-00-00', '0000-00-00'),
(68, '14003', 538, 25, 'MIBANCO', '000813', '228', '0001-01-01', '2023-10-02', 'LUMINOSO', '14003.png', '1', '000006', 1, '', 1, '0000-00-00', '0000-00-00'),
(69, '13986', 650, 26, 'CAFE MARGARITAS', '000812', '229', '0001-01-01', '2023-10-02', 'SIMPLE', '13986.png', '1', '000007', 1, '', 1, '0000-00-00', '0000-00-00'),
(70, '14249', 655, 21, 'BODEGA FBI', '0000', '232', '2024-04-03', '2023-10-03', 'SIMPLE', '14249.png', '2', '000006', 1, '', 1, '0000-00-00', '0000-00-00'),
(71, '13971', 660, 21, 'YANDI', '0000', '233', '2023-04-03', '2024-10-03', 'SIMPLE', '13971.png', '2', '000007', 1, '', 1, '0000-00-00', '0000-00-00'),
(72, '14242', 665, 21, 'BODEGUITA ROSILEN', '0000', '234', '2024-04-03', '2023-10-03', 'SIMPLE', '14242.png', '2', '000008', 1, '', 1, '0000-00-00', '0000-00-00'),
(73, '14022', 672, 21, 'BODEGA LEONORA', '0000', '235', '2024-04-03', '2023-10-03', 'SIMPLE', '14022.png', '2', '000009', 1, '', 1, '0000-00-00', '0000-00-00'),
(74, '14302', 676, 21, 'COMERCIAL SALVATIERRA', '0000', '236', '2024-04-03', '2023-10-03', 'SIMPLE', '14302.png', '2', '000010', 1, '', 1, '0000-00-00', '0000-00-00'),
(75, '14352', 680, 21, 'BODEGA ANDREA', '0000', '237', '2024-04-03', '2023-10-03', 'SIMPLE', '14352.png', '2', '000011', 1, '', 1, '0000-00-00', '0000-00-00'),
(76, '14172', 696, 21, 'BODEGA ISA', '0000', '238', '2024-04-03', '2023-10-03', 'SIMPLE', '14172.png', '2', '000012', 1, '', 1, '0000-00-00', '0000-00-00'),
(77, '14333', 708, 21, 'ANULADOO', '0000', '239', '2024-04-03', '2023-10-03', 'SIMPLE', '14333.png', '2', '000013', 1, '', 1, '0000-00-00', '0000-00-00'),
(78, '13902', 715, 21, 'BODEGA YEM', '0000', '240', '2024-04-03', '2023-10-03', 'SIMPLE', '13902.png', '2', '000014', 1, '', 1, '0000-00-00', '0000-00-00'),
(79, '14072', 719, 21, 'BODEGUITA HOHANY', '0000', '241', '2023-04-03', '2023-10-03', 'SIMPLE', '14072.png', '2', '000015', 1, '', 1, '0000-00-00', '0000-00-00'),
(80, '13967', 718, 21, 'BODEGA MECHITA', '00000', '242', '2024-04-17', '2023-10-17', 'SIMPLE', '13967.png', '2', '000016', 1, '', 1, '0000-00-00', '0000-00-00'),
(81, '13938', 717, 21, 'BODEGUITA KRISBELL', '0000', '243', '2024-04-01', '2023-10-04', 'SIMPLE', '13938.png', '2', '000017', 1, '', 1, '0000-00-00', '0000-00-00'),
(82, '13861', 716, 21, 'NIÑO JESUCITO', '0000', '244', '2023-04-04', '2023-10-01', 'simple', '13861.png', '2', '000018', 1, '', 1, '0000-00-00', '0000-00-00'),
(83, '13867', 714, 21, 'BODEGA ELSA', '0000', '245', '2024-04-04', '2023-10-04', 'SIMPLE', '13867.png', '2', '000019', 1, '', 1, '0000-00-00', '0000-00-00'),
(84, '14176', 720, 21, 'BODEGA FLORITA', '0000', '246', '2024-04-04', '2023-01-04', 'SIMPLE', '14176.png', '2', '000020', 1, '', 1, '0000-00-00', '0000-00-00'),
(85, '', 708, 21, '-----', '0000', '', '2024-04-04', '2023-04-04', '', '.png', '2', '000021', 1, '', 1, '0000-00-00', '0000-00-00'),
(86, '14246', 721, 21, 'BODEGUITA MILI', '0000', '248', '2024-04-04', '2023-10-04', 'SIMPLE', '14246.png', '2', '000022', 1, '', 1, '0000-00-00', '0000-00-00'),
(87, '14333', 319, 21, 'ANULADO', '00000', '249', '2023-10-06', '2024-04-06', '----', '14333.png', '2', '000023', 0, '', 1, '0000-00-00', '0000-00-00'),
(88, '14380', 722, 27, 'HOSPEDAJE LA HEROICA', '813', '250', '0001-01-01', '2023-10-06', 'LUMINOSO', '14380.png', '1', '000008', 1, '100', 1, '2023-09-15', '2025-09-15'),
(89, '14512', 723, 28, 'BANCO DE LA NACIÓN', '000814', '254', '0001-01-01', '2023-10-06', 'LUMINOSO', '14512.png', '1', '000009', 1, '', 1, '0000-00-00', '0000-00-00'),
(90, '14418', 724, 21, 'BODEGA SAYURI', '00000', '251', '2024-04-06', '2023-10-06', 'SIMPLE', '14418.png', '2', '000024', 1, '', 1, '0000-00-00', '0000-00-00'),
(91, '14219', 55, 21, 'BODEGA CLEO', '00000', '247', '2024-04-06', '2023-10-06', 'SIMPLE', '14219.png', '2', '000025', 1, '', 1, '0000-00-00', '0000-00-00'),
(92, '14391', 725, 21, 'INVERSIONES EL TAYTA', '00000', '252', '2024-04-06', '2023-10-06', 'SIMPLE', '14391.png', '2', '000026', 1, '', 1, '0000-00-00', '0000-00-00'),
(93, '14457', 652, 21, 'BODEGA ANJHELY', '00000', '253', '2024-04-09', '2023-10-09', 'SIMPLE', '14457.png', '2', '000027', 1, '', 1, '0000-00-00', '0000-00-00'),
(94, '14477', 726, 21, 'BODEGA SEBASTIAN', '0000', '255', '2024-04-04', '2023-10-09', 'SIMPLE', '14477.png', '2', '000028', 1, '', 1, '0000-00-00', '0000-00-00'),
(95, '14485', 727, 21, 'BODEGA VEQUITA', '0000', '256', '2024-04-09', '2023-10-09', 'SIMPLE', '14485.png', '2', '000029', 1, '', 1, '0000-00-00', '0000-00-00'),
(96, '14486', 728, 21, 'BODEGA', '0000', '257', '2024-04-10', '2023-10-09', 'SIMPLE', '14486.png', '2', '000030', 1, '', 1, '0000-00-00', '0000-00-00'),
(97, '14497', 729, 21, 'BODEGA EL AYRAMPITO', '0000', '258', '2024-04-09', '2023-10-09', 'SIMPLE', '14497.png', '2', '000031', 1, '', 1, '0000-00-00', '0000-00-00'),
(98, '14542', 730, 21, 'BODEGA ARIANITA', '0000', '259', '2023-04-09', '2023-10-09', 'SIMPLE', '14542.png', '2', '000032', 1, '', 1, '0000-00-00', '0000-00-00'),
(99, '14541', 731, 29, 'MINIMARKET', '00816', '260', '0001-01-01', '2023-10-10', 'LUMINOSO', '14541.png', '1', '000010', 1, '', 1, '0000-00-00', '0000-00-00'),
(100, '14538', 732, 9, 'CENTRO DE BELLEZA  NUEVA IMAGEN', '00815', '261', '0001-01-01', '2023-10-10', 'LUMINOSO', '14538.png', '1', '000011', 1, '', 1, '0000-00-00', '0000-00-00'),
(101, '14333', 713, 21, 'ANULADO', '00000', '249', '2024-04-06', '2023-10-06', 'SIMPLE', '14333.png', '2', '000033', 1, '', 1, '0000-00-00', '0000-00-00'),
(102, '014333', 713, 21, 'BODEGA H y J', '000000', '249', '2024-04-06', '2023-10-06', 'SIMPLE', '014333.png', '2', '000034', 1, '', 1, '0000-00-00', '0000-00-00'),
(103, '14563', 733, 30, 'SERVICIO TECNICO CHINO PULPO', '00817', '262', '0001-01-01', '2023-10-10', 'LUMINOSO', '14563.png', '1', '000012', 1, '', 1, '0000-00-00', '0000-00-00'),
(104, '14644', 734, 21, 'BODEGA LOGANCITO', '0000', '263', '2024-04-10', '2023-10-10', 'SIMPLE', '14644.png', '2', '000035', 1, '', 1, '0000-00-00', '0000-00-00'),
(105, '14720', 712, 21, 'BODEGA MARY', '00000', '265', '2024-04-11', '2023-10-11', 'SIMPLE', '14720.png', '2', '000036', 1, '', 1, '0000-00-00', '0000-00-00'),
(106, '14667', 735, 21, 'BODEGA ROSITA', '00000', '264', '2024-04-11', '2023-10-11', 'SIMPLE', '14667.png', '2', '000037', 1, '', 1, '0000-00-00', '0000-00-00'),
(107, '14681', 736, 21, 'BODEGA JHOEL', '0000', '266', '2024-04-11', '2023-10-11', 'SIMPLE', '14681.png', '2', '000038', 1, '', 1, '0000-00-00', '0000-00-00'),
(108, '14749', 737, 21, 'KELLY', '0000', '267', '2024-04-11', '2023-10-11', 'SIMPLE', '14749.png', '2', '000039', 1, '', 1, '0000-00-00', '0000-00-00'),
(109, '14750', 738, 31, 'SONRYMEL MULTISERVICIOS E INVERSIONES S.A.C', '000819', '268', '0001-01-01', '2023-10-12', 'SIMPLE', '14750.png', '1', '000013', 1, '', 1, '0000-00-00', '0000-00-00'),
(110, '14799', 739, 21, 'BODEGA LYAN', '0000', '269', '2024-04-12', '2023-10-12', 'SIMPLE', '14799.png', '2', '000040', 1, '', 1, '0000-00-00', '0000-00-00'),
(111, '14767', 741, 21, 'BODEGUITA YURY', '0000', '270', '2024-04-12', '2023-10-12', 'SIMPLE', '14767.png', '2', '000041', 1, '', 1, '0000-00-00', '0000-00-00'),
(112, '14786', 742, 21, 'BODEGA DAFNE', '0000', '271', '2024-04-12', '2023-10-12', 'SIMPLE', '14786.png', '2', '000042', 1, '', 1, '0000-00-00', '0000-00-00'),
(113, '14894', 743, 21, 'BODEGA LA ROSA,S', '0000', '272', '2024-04-16', '2023-10-16', 'SIMPLE', '14894.png', '2', '000043', 1, '', 1, '0000-00-00', '0000-00-00'),
(114, '14873', 744, 21, 'BODEGA SOPHIA', '0000', '273', '2024-04-16', '2023-10-16', 'SIMPLE', '14873.png', '2', '000044', 1, '', 1, '0000-00-00', '0000-00-00'),
(115, '14918', 745, 21, 'BODEGA AYDE', '0000', '274', '2024-04-16', '2023-10-16', 'SIMPLE', '14918.png', '2', '000045', 1, '', 1, '0000-00-00', '0000-00-00'),
(116, '14895', 746, 21, 'BODEGA NANCY', '0000', '275', '2024-04-16', '2023-10-16', 'SIMPLE', '14895.png', '2', '000046', 1, '', 1, '0000-00-00', '0000-00-00'),
(117, '17897', 747, 21, 'BODEGA ANDREA', '0000', '276', '2024-04-16', '2023-10-16', 'SIMPLE', '17897.png', '2', '000047', 1, '', 1, '0000-00-00', '0000-00-00'),
(118, '14911', 748, 21, 'CRUZ DE MAYO', '0000', '277', '2024-04-12', '2023-10-12', 'SIMPLE', '14911.png', '2', '000048', 1, '', 1, '0000-00-00', '0000-00-00'),
(119, '14916', 543, 32, 'LAVANDERIA / TINTORERIA  -  OK', '821', '278', '0001-01-01', '2023-10-16', 'SIMPLE', '14916.png', '1', '000014', 1, '', 1, '0000-00-00', '0000-00-00'),
(120, '14907', 749, 1, 'CASA LUCHITA', '820', '279', '0001-01-01', '2023-10-11', 'LUMINOSO', '14907.png', '1', '000015', 1, '', 1, '0000-00-00', '0000-00-00'),
(121, '15032', 750, 33, 'MOTOREPUESTO  MG', '824', '280', '0001-01-01', '2023-10-16', 'SIMPLE', '15032.png', '1', '000016', 1, '', 1, '0000-00-00', '0000-00-00'),
(122, '15092', 751, 21, 'KAWAISS', '00000', '282', '2024-04-17', '2023-10-17', 'SIMPLE', '15092.png', '2', '000049', 1, '', 1, '0000-00-00', '0000-00-00'),
(123, '15084', 752, 21, 'BODEGA J S', '00000', '283', '2024-04-17', '2023-10-17', 'SIMPLE', '15084.png', '2', '000050', 1, '', 1, '0000-00-00', '0000-00-00'),
(124, '15083', 754, 21, 'BODEGUITA JHESSEL', '00000', '284', '2024-04-17', '2023-10-17', 'SIMPLE', '15083.png', '2', '000051', 1, '', 1, '0000-00-00', '0000-00-00'),
(125, '15082', 756, 21, 'BODEGA SAN LUIS', '00000', '285', '2024-04-17', '2023-10-17', 'SIMPLE', '15082.png', '2', '000052', 1, '', 1, '0000-00-00', '0000-00-00'),
(126, '15087', 757, 21, 'BODEGA SEÑOR DE CANI CRUZ', '00000', '286', '2024-04-17', '2023-10-17', 'SIMPLE', '15087.png', '2', '000053', 1, '', 1, '0000-00-00', '0000-00-00'),
(127, '15039', 758, 34, 'MULTISERVICIOS MIRIAM', '000822', '281', '0001-01-01', '2023-10-17', 'SIMPLE', '15039.png', '1', '000017', 1, '', 1, '0000-00-00', '0000-00-00'),
(128, '15139', 644, 21, 'BODEGA  CCZ', '00000', '288', '2024-04-18', '2023-10-18', 'SIMPLE', '15139.png', '2', '000054', 1, '', 1, '0000-00-00', '0000-00-00'),
(129, '15174', 759, 29, 'MINIMARKET  CHEERS', '824', '289', '0001-01-01', '2023-10-18', 'LUMINOSO', '15174.png', '1', '000018', 1, '', 1, '0000-00-00', '0000-00-00'),
(130, '15217', 760, 21, 'BODEGA MARA - SOL', '0000', '297', '2024-08-11', '2023-10-18', 'SIMPLE', '15217.png', '2', '000055', 1, '', 1, '0000-00-00', '0000-00-00'),
(131, '14971', 761, 21, 'BODEGUITA LIONEL', '0000', '298', '2024-04-18', '2023-10-18', 'SIMPLE', '14971.png', '2', '000056', 1, '', 1, '0000-00-00', '0000-00-00'),
(132, '14991', 762, 21, 'BODEGA', '0000', '299', '2024-04-18', '2023-10-10', 'SIMPLE', '14991.png', '2', '000057', 1, '', 1, '0000-00-00', '0000-00-00'),
(133, '14986', 763, 21, 'BODEGUITA  MIA', '0000', '300', '2024-04-18', '2023-10-18', 'SIMPLE', '14986.png', '2', '000058', 1, '', 1, '0000-00-00', '0000-00-00'),
(134, '15255', 764, 21, 'BODEGA AURORITA', '0000', '301', '2024-04-18', '2023-10-18', 'SIMPLE', '15255.png', '2', '000059', 1, '', 1, '0000-00-00', '0000-00-00'),
(135, '15225', 765, 35, 'INVERSIONES MARIA SPORT', '15225', '302', '0001-01-01', '2023-10-19', 'LUMINOSO', '15225.png', '1', '000019', 1, '', 1, '0000-00-00', '0000-00-00'),
(136, '15343', 766, 36, 'AGENTE MULTIBANCO', '825', '303', '0001-01-01', '2023-10-20', 'LUMINOSO', '15343.png', '1', '000020', 1, '', 1, '0000-00-00', '0000-00-00'),
(137, '15298', 767, 29, 'MINIMARKET EMANUEL', '827', '304', '0001-01-01', '2023-10-20', 'SIMPLE', '15298.png', '1', '000021', 1, '', 1, '0000-00-00', '0000-00-00'),
(138, '15396', 768, 29, 'BODEGA SANTA ROSA', '0000', '305', '2024-04-10', '2023-10-20', 'SIMPLE', '15396.png', '2', '000060', 0, '', 1, '0000-00-00', '0000-00-00'),
(139, '15400', 769, 21, 'BODEGA  VERONICA LAPA', '0000', '306', '2024-04-20', '2023-10-20', 'SIMPLE', '15400.png', '2', '000061', 1, '', 1, '0000-00-00', '0000-00-00'),
(140, '15464', 770, 21, 'LA CHUPAQUINITA', '0000', '307', '2024-04-24', '2023-10-24', 'LUMINOSO', '15464.png', '2', '000062', 1, '', 1, '0000-00-00', '0000-00-00'),
(141, '15448', 771, 21, 'BODEGA ALECIHA', '0000', '308', '2024-04-24', '2023-10-24', 'SIMPLE', '15448.png', '2', '000063', 1, '', 1, '0000-00-00', '0000-00-00'),
(142, '15513', 772, 21, 'BODEGA ALMENDRA', '0000', '287', '2024-04-24', '2023-10-24', 'SIMPLE', '15513.png', '2', '000064', 1, '', 1, '0000-00-00', '0000-00-00'),
(143, '15673', 76, 21, 'CAMILA', '0000', '311', '2024-04-24', '2023-10-24', 'SIMPLE', '15673.png', '2', '000065', 1, '', 1, '0000-00-00', '0000-00-00'),
(144, '1496', 773, 21, 'ANGELITA', '689', '0012', '0001-01-01', '2023-02-06', 'LUMINOSO', '1496.png', '1', '000022', 1, '', 1, '0000-00-00', '0000-00-00'),
(145, '15742', 774, 21, 'BOGEGA  -  COLITAS', '0000', '213', '2024-04-26', '2023-10-26', 'LUMINOSO', '15742.png', '2', '000066', 1, '', 1, '0000-00-00', '0000-00-00'),
(146, '15753', 775, 37, 'TENSOESTRUCTURAS BRYAN', '0000', '317', '0001-01-01', '2023-10-25', 'SIMPLE', '15753.png', '1', '000023', 1, '', 1, '0000-00-00', '0000-00-00'),
(147, '15705', 776, 21, 'LESLY', '0000', '318', '2024-04-24', '2023-10-25', 'SIMPLE', '15705.png', '2', '000067', 1, '', 1, '0000-00-00', '0000-00-00'),
(148, '15834', 777, 21, 'BODEGA F y R LA FAMILIA', '0000', '320', '2024-04-26', '2023-10-25', 'SIMPLE', '15834.png', '2', '000068', 1, '', 1, '0000-00-00', '0000-00-00'),
(149, '15877', 778, 38, 'ESTUDIO JURIDICO   R. NEYRA', '829', '321', '0001-01-01', '2023-10-26', 'SIMPLE', '15877.png', '1', '000024', 1, '', 1, '0000-00-00', '0000-00-00'),
(150, '16092', 779, 22, 'E y  M IMPORTACIONES', '830', '322', '0001-01-01', '2023-10-31', 'SIMPLE', '16092.png', '1', '000025', 1, '', 1, '0000-00-00', '0000-00-00'),
(151, '16451', 780, 39, 'MARKET SALUD ORGANICA', '000832', '324', '0001-01-01', '2023-11-09', 'SIMPLE', '16451.png', '1', '000026', 1, '', 1, '0000-00-00', '0000-00-00'),
(152, '16425', 781, 41, 'VETERINARIA LA UNICA', '000831', '325', '0001-01-01', '2023-11-09', 'SIMPLE', '16425.png', '1', '000027', 1, '', 1, '0000-00-00', '0000-00-00'),
(153, '16505', 782, 21, 'CRUZ DE MAYO', '00000', '326', '2023-05-10', '2023-11-10', 'SIMPLE', '16505.png', '2', '000069', 1, '', 1, '0000-00-00', '0000-00-00'),
(154, '16668', 783, 21, 'BODEGA', '0000', '327', '2024-05-14', '2023-11-14', 'SIMPLE', '16668.png', '2', '000070', 1, '', 1, '0000-00-00', '0000-00-00'),
(155, '16719', 784, 21, 'BODEGA ALEX', '0000', '328', '2024-05-20', '2023-11-20', 'SIMPLE', '16719.png', '2', '000071', 1, '', 1, '0000-00-00', '0000-00-00'),
(156, '16686', 785, 42, 'CAR WASH JEFA', '000833', '329', '0001-01-01', '2023-11-20', 'SIMPLE', '16686.png', '1', '000028', 1, '', 1, '0000-00-00', '0000-00-00'),
(157, '', 786, 43, 'HOSTAL POSADA AZUL', '000834', '330', '0001-01-01', '2023-11-15', 'LUMINOSO', '.png', '1', '000029', 1, '', 1, '0000-00-00', '0000-00-00'),
(158, '5510', 786, 43, 'HOSTAL POSADA AZUL', '000834', '330', '0001-01-01', '2023-11-20', 'LUMINOSO', '5510.png', '1', '000030', 1, '', 1, '0000-00-00', '0000-00-00'),
(159, '17001', 787, 5, 'LIBRERIA Y PLASTIQUERIA BAZAR GALA', '000835', '331', '0001-01-01', '2023-11-20', 'LUMINOSO', '17001.png', '1', '000031', 1, '', 1, '0000-00-00', '0000-00-00'),
(160, '17075', 788, 22, 'BODEGA BAZAR TAYTA NIÑO', '0000', '333', '2024-05-20', '2023-11-20', 'SIMPLE', '17075.png', '2', '000072', 1, '', 1, '0000-00-00', '0000-00-00'),
(161, '', 789, 44, 'NULO', '000836', '333', '0001-01-01', '2023-11-25', 'SIMPLE', '.png', '1', '000032', 1, '', 1, '0000-00-00', '0000-00-00'),
(162, '17288', 789, 44, 'TELECOMUNICACIONES  EL AMIGO', '836', '333', '0001-01-01', '2023-11-25', 'SIMPLE', '17288.png', '1', '000033', 1, '', 1, '0000-00-00', '0000-00-00'),
(163, '17578', 790, 31, 'BARQUIFRIT', '000837', '335', '0001-01-01', '2023-11-29', 'SIMPLE', '17578.png', '1', '000034', 1, '', 1, '0000-00-00', '0000-00-00'),
(164, '17268', 791, 21, 'MULTIVENTAS MARISOL', '00000', '334', '2024-05-25', '2023-11-25', 'SIMPLE', '17268.png', '2', '000073', 1, '', 1, '0000-00-00', '0000-00-00'),
(165, '17916', 792, 29, 'GRUPO MONTERO´S I – MINIMARKET', '000839', '337', '0001-01-01', '2023-12-04', 'LUMINOSO', '17916.png', '1', '000035', 1, '', 1, '0000-00-00', '0000-00-00'),
(166, '17780-2023', 793, 45, 'BOTICA YOMIFARMA', '000838', '338', '0001-01-01', '2023-12-05', 'LUMINOSO', '17780.png', '1', '000036', 1, '', 1, '0000-00-00', '0000-00-00'),
(167, '18144', 570, 45, 'BOTICA FARMAHORROS', '840', '358', '0001-01-01', '2023-12-11', 'SIMPLE', '18144.png', '1', '000037', 1, '', 1, '0000-00-00', '0000-00-00'),
(168, '17807', 794, 21, 'BODEGA YULY', '0000', '336', '2024-05-04', '2023-12-04', 'SIMPLE', '17807.png', '2', '000074', 1, '', 1, '0000-00-00', '0000-00-00'),
(169, '', 795, 21, 'BODEGA SANTA ROSA', '00000', '360', '2024-05-14', '2023-12-14', 'SIMPLE', '.png', '2', '000075', 1, '', 1, '0000-00-00', '0000-00-00'),
(170, '18527', 796, 3, 'PELUQUERIA UNISEX LA TARA', '000841', '361', '0001-01-01', '2023-12-14', 'SIMPLE', '18527.png', '1', '000038', 1, '', 1, '0000-00-00', '0000-00-00'),
(171, '18517', 795, 21, 'BODEGA SANTA ROSA', '00000', '360', '2024-05-14', '2023-12-14', 'SIMPLE', '18517.png', '2', '000076', 1, '', 1, '0000-00-00', '0000-00-00'),
(172, '18577', 797, 46, 'EL GOLAZO DE MOISES', '000842', '365', '0001-01-01', '2023-12-14', 'SIMPLE', '18577.png', '1', '000039', 1, '', 1, '0000-00-00', '0000-00-00'),
(173, '18699', 710, 21, 'BODEGA FELI', '00000', '367', '2024-05-14', '2023-12-14', 'SIMPLE', '18699.png', '2', '000077', 1, '', 1, '0000-00-00', '0000-00-00'),
(174, '19007', 798, 21, 'BODEGA MELY', '00000', '368', '2024-05-15', '2023-12-15', 'SIMPLE', '19007.png', '2', '000078', 1, '', 1, '0000-00-00', '0000-00-00'),
(175, '19009', 799, 1, 'EL TIBURONAZO', '000843', '369', '0001-01-01', '2023-12-15', 'SIMPLE', '19009.png', '1', '000040', 1, '', 1, '0000-00-00', '0000-00-00'),
(176, '19347', 800, 21, 'BODEGA MARINA', '00000', '370', '2024-05-21', '2023-12-21', 'SIMPLE', '19347.png', '2', '000079', 1, '', 1, '0000-00-00', '0000-00-00'),
(177, '19401', 801, 47, 'MILAN', '00845', '376', '0001-01-01', '2023-12-27', 'SIMPLE', '19401.png', '1', '000041', 1, '', 1, '0000-00-00', '0000-00-00'),
(178, '19577', 802, 49, 'MICROBANK PERU', '000846', '377', '0001-01-01', '2023-12-27', 'LUMINOSO', '19577.png', '1', '000042', 1, '', 1, '0000-00-00', '0000-00-00'),
(179, '19673', 803, 21, 'BODEGA FRESITA', '00000', '378', '2024-06-29', '2023-12-29', 'SIMPLE', '19673.png', '2', '000080', 1, '', 1, '0000-00-00', '0000-00-00'),
(180, '19671', 804, 45, 'BOTICA BIOS PHARMA', '000849', '379', '0001-01-01', '2023-12-29', 'LUMINOSO', '19671.png', '1', '000043', 1, '', 1, '0000-00-00', '0000-00-00'),
(181, '19778', 805, 50, 'PREMIUM DE AUTO SPA NESTI', '000850', '001', '0001-01-01', '2024-01-04', 'SIMPLE', '19778.png', '1', '000044', 1, '', 1, '0000-00-00', '0000-00-00'),
(182, '0086', 806, 1, 'CALDOS MAMA ELSA', '000851', '002', '0001-01-01', '2024-01-04', 'SIMPLE', '0086.png', '1', '000045', 1, '', 1, '0000-00-00', '0000-00-00'),
(183, '00281', 807, 45, 'INKAFARMA', '000852', '003', '0001-01-01', '2024-01-12', 'LUMINOSO', '00281.png', '1', '000046', 1, '', 1, '0000-00-00', '0000-00-00'),
(184, '680', 819, 51, 'WANDER SAC', '000853', '004', '0001-01-01', '2024-01-16', 'SIMPLE', '680.png', '1', '000047', 1, '161', 1, '2023-11-29', '2025-11-29'),
(185, '0718', 820, 30, 'ACCESORIO DE CELULARES ZEYNET', '000855', '006', '0001-01-01', '2024-01-16', 'SIMPLE', '0718.png', '1', '000048', 1, '', 1, '0000-00-00', '0000-00-00'),
(186, '717', 821, 7, 'FARMACIA UNIVERSAL NW', '000854', '005', '0001-01-01', '2024-01-16', 'LUMINOSO', '717.png', '1', '000049', 1, '', 1, '0000-00-00', '0000-00-00'),
(187, '', 822, 52, 'GRUPO LABORUM', '000856', '009', '0001-01-01', '2024-01-23', 'SIMPLE', '.png', '1', '000050', 1, '', 1, '0000-00-00', '0000-00-00'),
(188, '0946', 822, 52, 'GRUPO LABORUM SAC', '00856', '009', '0001-01-01', '2024-01-23', 'SIMPLE', '0946.png', '1', '000051', 1, '', 1, '0000-00-00', '0000-00-00'),
(189, '1172', 823, 54, 'I.E.PRIVADA JOHNS HOPKINS', '000857', '008', '0001-01-01', '2024-01-26', 'NINGUNO', '1172.png', '1', '000052', 1, '', 1, '0000-00-00', '0000-00-00'),
(190, '1221', 826, 45, 'BOTICA PSEUTICALPHARMA', '000858', '015', '0001-01-01', '2024-01-29', 'LUMINOSO', '1221.png', '1', '000053', 1, '', 1, '0000-00-00', '0000-00-00'),
(191, '1247', 742, 1, 'RESTAURANTE  CHIFA OSORES', '000859', '16', '0001-01-01', '2024-01-29', 'SIMPLE', '1247.png', '1', '000054', 1, '', 1, '0000-00-00', '0000-00-00'),
(192, '1316', 827, 55, 'IMPRESIONES SUMAQ', '000863', '21', '0001-01-01', '2024-01-29', 'SIN ANUNCIO', '1316.png', '1', '000055', 1, '', 1, '0000-00-00', '0000-00-00'),
(193, '20', 828, 1, 'RESTAURANTE JUNIOR YAEL', '000862', '20', '0001-01-01', '2024-01-29', 'SIMPLE', '20.png', '1', '000056', 1, '', 1, '0000-00-00', '0000-00-00'),
(194, '1302', 829, 56, 'PASTELERIA MARIANA', '000860', '19', '0001-01-01', '2024-01-29', 'LUMINOSO', '1302.png', '1', '000057', 1, '', 1, '0000-00-00', '0000-00-00'),
(195, '1445', 830, 2, 'ROPA DEPORTIVA NAVA SPORT', '000865', '23', '0001-01-01', '2024-02-01', 'SIMPLE', '1445.png', '1', '000058', 1, '', 1, '0000-00-00', '0000-00-00'),
(196, '1433', 831, 57, 'CARRUSEL DEL PELUCHE', '000864', '22', '0001-01-01', '2024-02-01', 'SIMPLE', '1433.png', '1', '000059', 1, '', 1, '0000-00-00', '0000-00-00'),
(197, '1462', 832, 58, 'BOTICA LLICELFARMA', '000866', '24', '0001-01-01', '2024-02-02', 'LUMINOSO', '1462.png', '1', '000060', 1, '', 1, '0000-00-00', '0000-00-00'),
(198, '1463', 833, 45, 'BOTICA BIENESTAR TOTAL', '000867', '25', '0001-01-01', '2024-02-02', 'LUMINOSO', '1463.png', '1', '000061', 1, '', 1, '0000-00-00', '0000-00-00'),
(199, '1770', 834, 22, 'PERU HOGAR', '870', '29', '0001-01-01', '0000-00-00', 'SIMPLE', '1770.png', '1', '000062', 1, '', 1, '0000-00-00', '0000-00-00'),
(200, '1663', 835, 21, 'BODEGA MARTINEZ', '0000', '28', '2024-06-07', '2024-02-07', 'SIMPLE', '1663.png', '2', '000081', 1, '', 1, '0000-00-00', '0000-00-00'),
(201, '1816', 836, 59, 'FARADAY CH', '871', '30', '0001-01-01', '2024-02-09', 'SIMPLE', '1816.png', '1', '000063', 1, '', 1, '0000-00-00', '0000-00-00'),
(202, '1854', 837, 21, 'BODEGUITA CARMEN', '0000', '31', '2024-08-09', '2024-02-09', 'SIMPLE', '1854.png', '2', '000082', 1, '', 1, '0000-00-00', '0000-00-00'),
(203, '1933', 838, 60, 'REPRESENTACIONES ZAYURI', '873', '32', '0001-01-01', '2024-09-08', 'SIMPLE', '1933.png', '1', '000064', 1, '', 1, '0000-00-00', '0000-00-00'),
(204, '1933', 839, 60, 'REPRESENTACIONES ZAYURI', '873', '32', '0001-01-01', '2024-02-09', 'SIMPLE', '1933.png', '1', '000065', 1, '', 1, '0000-00-00', '0000-00-00'),
(205, '', 840, 60, 'REPRESENTACIONES ZAYURI', '873', '32', '0001-01-01', '2024-02-09', 'SIMPLE', '.png', '1', '000066', 1, '', 1, '0000-00-00', '0000-00-00'),
(206, '1933', 841, 60, 'REPRESENTACIONES ZAYURI', '873', '32', '0001-02-01', '2024-02-09', 'SIMPLE', '1933.png', '1', '000067', 0, '', 1, '0000-00-00', '0000-00-00'),
(207, '1933', 841, 60, 'REPRESENTACIONES ZAYURI', '000873', '32', '0001-01-01', '2024-02-09', 'SIMPLE', '1933.png', '1', '000068', 1, '', 1, '0000-00-00', '0000-00-00'),
(208, '1933', 842, 60, 'ANULADO', '000873', '32', '0001-01-01', '2024-02-09', 'SIMPLE', '1933.png', '1', '000069', 1, '', 1, '0000-00-00', '0000-00-00'),
(209, '1987', 843, 21, 'BODEGUITA GABY', '0000', '33', '2024-08-09', '2024-02-09', 'SIMPLE', '1987.png', '2', '000083', 0, '', 0, '0000-00-00', '0000-00-00'),
(210, '2186', 844, 27, 'ARMORIS', '000876', '35', '0001-01-01', '2024-02-14', 'LUMINOSO', '2186.png', '1', '000070', 1, '', 1, '0000-00-00', '0000-00-00'),
(211, '2068', 845, 21, 'BODEGA JHOSY', '0000', '34', '2024-08-14', '2024-02-14', 'SIMPLE', '2068.png', '2', '000084', 1, '', 1, '0000-00-00', '0000-00-00'),
(212, '1474', 846, 61, 'NOVEDADES CJ', '000869', '27', '0001-01-01', '2024-02-14', 'LUMINOSO', '1474.png', '1', '000071', 1, '', 1, '0000-00-00', '0000-00-00'),
(213, '2453', 847, 59, 'ELECTRO FERRETERA BALPA', '000880', '37', '0001-01-01', '2024-02-20', 'SIMPLE', '2453.png', '1', '000072', 1, '', 1, '0000-00-00', '0000-00-00'),
(214, '2653', 848, 5, 'LEBRERIA - BAZAR MELGAR', '000882', '38', '0001-01-01', '2024-02-22', 'LUMINOSO', '2653.png', '1', '000073', 1, '', 1, '0000-00-00', '0000-00-00'),
(215, '02720', 849, 2, 'BEATIFUL WOMAN', '000884', '39', '0001-01-01', '2024-02-22', 'LUMINOSO', '02720.png', '1', '000074', 1, '', 1, '0000-00-00', '0000-00-00'),
(216, '2695', 850, 62, 'ACADEMIA PRE POLICIAL AUDACES', '00083', '42', '0001-01-01', '2024-02-23', 'SIMPLE', '2695.png', '1', '000075', 1, '', 1, '0000-00-00', '0000-00-00'),
(217, '3071', 851, 63, 'AQUA MUNDO OBISPO EIRL', '000886', '43', '0001-01-01', '2024-02-28', 'SIMPLE', '3071.png', '1', '000076', 1, '', 1, '0000-00-00', '0000-00-00'),
(218, '1928', 852, 64, 'MISKY CAPRICHO', '000872', '44', '0001-01-01', '2024-02-29', 'LUMINOSO', '1928.png', '1', '000077', 1, '', 1, '0000-00-00', '0000-00-00'),
(219, '3112', 853, 1, 'LA ESQUINITA', '000887', '45', '0001-01-01', '2028-02-29', 'LUMINOSO', '3112.png', '1', '000078', 1, '', 1, '0000-00-00', '0000-00-00'),
(220, '', 854, 5, 'LIBRERIA GRACIELITA', '000891', '48', '0001-01-01', '2024-02-29', 'SIMPLE', '.png', '1', '000079', 1, '', 1, '0000-00-00', '0000-00-00'),
(221, '3161', 855, 65, 'CREDI CASH PYME SA', '000888', '46', '0001-01-01', '2024-02-29', 'SIMPLE', '3161.png', '1', '000080', 1, '', 1, '0000-00-00', '0000-00-00'),
(222, '3166', 856, 22, 'CALZADOS ANGELA', '000889', '47', '0001-01-01', '2024-02-29', 'SIMPLE', '3166.png', '1', '000081', 1, '', 1, '0000-00-00', '0000-00-00'),
(223, '3229', 857, 66, 'LA MAREA', '000892', '49', '0001-01-01', '2024-03-04', 'SIMPLE', '3229.png', '1', '000082', 1, '', 1, '0000-00-00', '0000-00-00'),
(224, '', 858, 22, 'ARMOR SERVICE', '000893', '51', '0001-01-01', '2024-03-05', 'SIMPLE', '.png', '1', '000083', 1, '', 1, '0000-00-00', '0000-00-00'),
(225, '3390', 858, 22, 'ARMOR SERVICE', '000893', '51', '0001-01-01', '2024-03-05', 'SIMPLE', '3390.png', '1', '000084', 1, '', 1, '0000-00-00', '0000-00-00'),
(226, '3430', 859, 22, 'GLEYFOR ZAPATOS Y ZAPATILLAS', '000894', '52', '0001-01-01', '2024-03-05', 'SIMPLE', '3430.png', '1', '000085', 1, '', 1, '0000-00-00', '0000-00-00'),
(227, '3920', 860, 22, 'FABISOL IMPORT', '00896', '54', '0001-01-01', '2024-03-14', 'LUMINOSO', '3920.png', '1', '000086', 1, '', 1, '0000-00-00', '0000-00-00'),
(228, '3909', 861, 21, 'BODEGUITA LUZ', '00000', '53', '2024-09-14', '2024-03-14', 'SIMPLE', '3909.png', '2', '000085', 1, '', 1, '0000-00-00', '0000-00-00'),
(229, '4643', 862, 22, 'E y S MAGICOS RECUERDOS SAC', '000897', '57', '0001-01-01', '2024-03-27', 'LUMINOSO', '4643.png', '1', '000087', 1, '', 1, '0000-00-00', '0000-00-00'),
(230, '4643', 863, 22, 'PELUDYN DETALLES', '000898', '55', '0001-01-01', '2024-03-27', 'LUMINOSO', '4643.png', '1', '000088', 1, '', 1, '0000-00-00', '0000-00-00'),
(231, '4579', 863, 22, 'PELUDYM DETALLES', '000898', '55', '0001-01-01', '2024-03-27', 'LUMINOSO', '4579.png', '1', '000089', 1, '', 1, '0000-00-00', '0000-00-00'),
(232, '5336', 864, 62, 'RANGERS CHUPACA', '000899', '60', '0001-01-01', '2024-04-08', 'SIMPLE', '5336.png', '1', '000090', 1, '', 1, '0000-00-00', '0000-00-00'),
(233, '', 865, 62, 'ACADEMIA PRE POLICIAL CODIR - DIECISIETE', '000900', '61', '0001-01-01', '2024-04-09', 'SIMPLE', '.png', '1', '000091', 1, '', 1, '0000-00-00', '0000-00-00'),
(234, '5418', 865, 62, 'ACADEMIA PRE POLICIAL CODIR - DIECISIETE', '000900', '61', '0001-01-01', '2024-04-09', 'SIMPLE', '5418.png', '1', '000092', 1, '', 1, '0000-00-00', '0000-00-00'),
(235, '5478', 866, 1, 'RESTAURANTE SANTA TIERRA', '000901', '62', '0001-01-01', '2024-04-10', 'ANUNCIO LUMINOSO', '5478.png', '1', '000093', 1, '', 1, '0000-00-00', '0000-00-00'),
(236, '5488', 867, 67, 'LUX CAR WASH', '000902', '63', '0001-01-01', '2024-04-10', 'SIMPLE', '5488.png', '1', '000094', 1, '', 1, '0000-00-00', '0000-00-00'),
(237, '5974', 868, 68, 'E.T. TEODORO PEÑALOZA S.A.C', '000904', '65', '0001-01-01', '2024-04-17', 'SIMPLE', '5974.png', '1', '000095', 1, '', 1, '0000-00-00', '0000-00-00'),
(238, '', 869, 29, 'MINIMARKET GABY', '000905', '69', '0001-01-01', '2024-04-29', 'LUMINOSO', '.png', '1', '000096', 1, '', 1, '0000-00-00', '0000-00-00'),
(239, '6572', 869, 29, 'MINIMARKET GABY', '000905', '69', '0001-01-01', '2024-04-29', 'LUMINOSO', '6572.png', '1', '000097', 1, '', 1, '0000-00-00', '0000-00-00'),
(240, '7158', 870, 45, 'BOTICA DULCE BIENESTAR', '000906', '73', '0001-01-01', '2024-05-10', 'LUMINOSO', '7158.png', '1', '000098', 1, '', 1, '0000-00-00', '0000-00-00'),
(241, '7247', 871, 73, 'SIERRACORP SAC', '000907', '74', '0001-01-01', '2024-05-14', 'LUMINOSO', '7247.png', '1', '000099', 1, '', 1, '0000-00-00', '0000-00-00'),
(242, '7454', 872, 69, 'REHAVITAL', '000911', '82', '0001-01-01', '2024-05-17', 'LUMINOSO', '7454.png', '1', '000100', 1, '', 1, '0000-00-00', '0000-00-00'),
(243, '7351', 873, 45, 'BOTICA EDUFARMAX', '000908', '75', '0001-01-01', '2024-05-15', 'LUMINOSO', '7351.png', '1', '000101', 1, '', 1, '0000-00-00', '0000-00-00'),
(244, '7411', 874, 4, 'FUSSION GYM RyC', '000910', '77', '0001-01-01', '2024-05-16', 'LUMINOSO', '7411.png', '1', '000102', 1, '', 1, '0000-00-00', '0000-00-00'),
(245, '7453', 875, 32, 'PERÚ WASH', '000912', '81', '0001-01-01', '2024-05-17', 'LUMINOSO', '7453.png', '1', '000103', 1, '', 1, '0000-00-00', '0000-00-00'),
(246, '7387', 876, 45, 'BOTICA TU FARMA', '000909', '76', '0001-01-01', '2024-05-16', 'LUMINOSO', '7387.png', '1', '000104', 1, '', 1, '0000-00-00', '0000-00-00'),
(247, '7710', 877, 22, 'DAVID', '000913', '84', '0001-01-01', '2024-05-22', 'LUMINOSO', '7710.png', '1', '000105', 1, '', 1, '0000-00-00', '0000-00-00'),
(248, '7847', 878, 1, 'RESTAURANTE WAYAYO', '000915', '86', '0001-01-01', '2024-05-24', 'LUMINOSO', '7847.png', '1', '000106', 1, '', 1, '0000-00-00', '0000-00-00'),
(249, '8198', 879, 70, 'GEMA ODONTOLOGIA INTEGRAL', '000917', '87', '0001-01-01', '2024-05-31', 'LUMINOSO', '8198.png', '1', '000107', 1, '', 1, '0000-00-00', '0000-00-00'),
(250, '8221', 880, 71, 'SPORTBET PERU', '000918', '88', '0001-01-01', '2024-05-31', 'LUMINOSO', '8221.png', '1', '000108', 1, '', 1, '0000-00-00', '0000-00-00'),
(251, '8500', 881, 62, 'PACIFIC FINANCE E.I.R.L.', '000922', '91', '0001-01-01', '2024-06-06', 'LUMINOSO', '8500.png', '1', '000109', 1, '', 1, '0000-00-00', '0000-00-00'),
(252, '8466', 882, 21, 'BODEGA A.G.N.', '000921', '0090', '0001-01-01', '2024-06-06', 'SIMPLE', '8466.png', '1', '000110', 1, '', 1, '0000-00-00', '0000-00-00'),
(253, '08654', 883, 29, 'MINIMARKET BBT-TODO', '000923', '00090', '0001-01-01', '2024-06-11', 'SIMPLE', '08654.png', '1', '000111', 1, '', 1, '0000-00-00', '0000-00-00'),
(254, '008717', 884, 29, 'MINIMARKET DHYLAN', '000924', '0092', '0001-01-01', '2024-06-11', 'LUMINOSO', '008717.png', '1', '000112', 1, '', 1, '0000-00-00', '0000-00-00'),
(255, '8780', 885, 65, 'CDN. CHUPACA', '000925', '00093', '0001-01-01', '2024-06-12', 'SIN ANUNCIO', '8780.png', '1', '000113', 1, '', 1, '0000-00-00', '0000-00-00'),
(256, '9320', 887, 21, 'HAPPY MARKET', '000930', '0094', '0001-01-01', '2024-06-19', 'SIMPLE', '9320.png', '1', '000114', 1, '', 1, '0000-00-00', '0000-00-00'),
(257, '9485', 888, 62, 'ESTACION DE SERVICIOS ARWATURO', '0937', '95', '0001-01-01', '2024-06-21', 'LUMINOSO', '9485.png', '1', '000115', 1, '', 1, '0000-00-00', '0000-00-00'),
(258, '9605', 768, 21, 'BODEGA SANTA ROSA', '0938', '96', '0001-01-01', '2024-06-23', 'SIMPLE', '9605.png', '1', '000116', 1, '055', 1, '2024-06-03', '2026-06-03'),
(259, '9851', 889, 5, 'FOTO COPIAS SAMY', '942', '99', '0001-01-01', '2024-07-02', 'SIMPLE', '9851.png', '1', '000117', 1, '', 1, '0000-00-00', '0000-00-00'),
(260, '9729', 890, 29, 'TIENDAS MASS', '940', '97', '0001-01-01', '2024-07-02', 'LUMINOSO', '9729.png', '1', '000118', 1, '', 1, '0000-00-00', '0000-00-00'),
(261, '9739', 891, 70, 'DE LA CRUZ - ALIAGA', '00941', '00098', '0001-01-01', '2024-07-02', 'LUMINOSO', '9739.png', '1', '000119', 1, '', 1, '0000-00-00', '0000-00-00'),
(262, '9996', 892, 1, 'CHIFA ROYAL', '000943', '00100', '0001-01-01', '2024-07-02', 'SIMPLE', '9996.png', '1', '000120', 1, '', 1, '0000-00-00', '0000-00-00'),
(263, '10308', 893, 74, 'AGRO DYLAN', '945', '102', '0001-01-01', '2024-07-05', 'LUMINOSO', '10308.png', '1', '000121', 1, '', 1, '0000-00-00', '0000-00-00'),
(264, '10508', 894, 1, 'REY DRAGON', '00947', '00103', '0001-01-01', '2024-07-10', 'LUMINOSO', '10508.png', '1', '000122', 1, '', 1, '0000-00-00', '0000-00-00'),
(265, '10590', 895, 21, 'BODEGA SARITA', '000948', '000104', '0001-01-01', '2024-07-11', 'SIMPLE', '10590.png', '1', '000123', 1, '', 1, '0000-00-00', '0000-00-00'),
(266, '10740', 672, 21, 'BODEGA LEONORA', '00951', '00105', '0001-01-01', '2024-07-15', 'SIMPLE', '10740.png', '1', '000124', 1, '', 1, '0000-00-00', '0000-00-00'),
(267, '10785', 896, 1, 'RESTAURANTE MANTAY', '0953', '106', '0001-01-01', '2024-07-15', 'LUMINOSO', '10785.png', '1', '000125', 1, '', 1, '0000-00-00', '0000-00-00'),
(268, '10785', 897, 75, 'CONFITERIA LUNITA', '00952', '107', '0000-00-00', '2024-07-15', 'LUMINOSO', '10785.png', '2', '000086', 0, '', 0, '0000-00-00', '0000-00-00'),
(269, '10785', 897, 75, 'CONFITERIA LUNITA', '952', '107', '0001-01-01', '2024-07-15', 'LUMINOSO', '10785.png', '1', '000126', 0, '', 0, '0000-00-00', '0000-00-00'),
(270, '10785', 898, 76, 'confiteria lunita', '952', '107', '0001-01-01', '2024-07-15', 'LUMINOSO', '10785.png', '1', '000127', 0, '', 0, '0000-00-00', '0000-00-00'),
(271, '00010785', 897, 76, 'confiteria lunita', '000952', '000107', '0001-01-01', '2024-07-15', 'luminoso', '00010785.png', '1', '000128', 1, '', 1, '0000-00-00', '0000-00-00'),
(272, '10842', 899, 50, 'MULTISERVICIOS EL TOBI', '000955', '108', '0001-01-01', '2024-07-15', 'SIMPLE', '10842.png', '1', '000129', 1, '', 1, '0000-00-00', '0000-00-00'),
(273, '10864', 900, 76, 'DULCE LICOR', '000956', '109', '0001-01-01', '2024-07-16', 'LUMINOSO', '10864.png', '1', '000130', 1, '', 1, '0000-00-00', '0000-00-00'),
(274, '11021', 901, 77, 'FLORERIA TANIA', '00957', '0110', '0001-01-01', '2024-07-18', 'SIMPLE', '11021.png', '1', '000131', 1, '', 1, '0000-00-00', '0000-00-00'),
(275, '11036', 902, 76, 'CONFITERIA DULSE SUSPIRO', '0958', '0111', '0001-01-01', '2024-07-18', 'SIMPLE', '11036.png', '1', '000132', 1, '', 1, '0000-00-00', '0000-00-00'),
(276, '11142', 903, 29, 'MINIMARKET CHIVIS', '0959', '000112', '0001-01-01', '2024-07-22', 'LUMINOSO', '11142.png', '1', '000133', 1, '', 1, '0000-00-00', '0000-00-00'),
(277, '11181', 904, 62, 'TURISMO RARAZ', '0961', '00113', '0001-01-01', '2024-07-22', 'LUMINOSO', '11181.png', '1', '000134', 1, '', 1, '0000-00-00', '0000-00-00'),
(278, '11194', 905, 1, 'RESTAURANTE-POLLERIA JERI SS', '0960', '00114', '0001-01-01', '2024-07-22', 'LUMINOSO', '11194.png', '1', '000135', 1, '', 1, '0000-00-00', '0000-00-00'),
(279, '11296', 907, 79, 'MULTISERVICIOS BASTIDAS SAC', '944', '115', '0001-01-01', '2024-07-23', 'SIMPLE', '11296.png', '1', '000136', 1, '', 1, '0000-00-00', '0000-00-00'),
(280, '11278', 908, 1, 'RESTAURANTE GUADALUPE', '962', '116', '0001-01-01', '2024-07-23', 'SIMPLE', '11278.png', '1', '000137', 1, '', 1, '0000-00-00', '0000-00-00'),
(281, '11870', 909, 80, 'DECORA HOGAR', '966', '117', '0001-01-01', '2024-08-05', 'LUMINOSO', '11870.png', '1', '000138', 1, '', 1, '0000-00-00', '0000-00-00'),
(282, '11793', 910, 81, 'AGRO BENITO', '965', '118', '0001-01-01', '2024-08-07', 'SIMPLE', '11793.png', '1', '000139', 1, '', 1, '0000-00-00', '0000-00-00'),
(283, '11749', 911, 82, 'NIÑO DIVINO', '963', '119', '0001-01-01', '2024-08-07', 'SIMPLE', '11749.png', '1', '000140', 1, '', 1, '0000-00-00', '0000-00-00'),
(284, '11881', 912, 30, 'ACCESORIOS DE CELULARES DAMAR', '967', '120', '0001-01-01', '2024-08-07', 'SIMPLE', '11881.png', '1', '000141', 1, '', 1, '0000-00-00', '0000-00-00'),
(285, '11892', 913, 68, 'TAURUS', '968', '121', '0001-01-01', '2024-08-07', 'SIMPLE', '11892.png', '1', '000142', 1, '', 1, '0000-00-00', '0000-00-00'),
(286, '11906', 915, 74, 'AGROPECUARIA DONITA', '969', '122', '0001-01-01', '2024-08-07', 'LUMINOSO', '11906.png', '1', '000143', 1, '', 1, '0000-00-00', '0000-00-00'),
(287, '11962', 916, 83, 'CONSULTORIO BIENESTAR SALUD', '970', '123', '0001-01-01', '2024-08-07', 'LUMINOSO', '11962.png', '1', '000144', 1, '', 1, '0000-00-00', '0000-00-00'),
(288, '12031', 917, 29, 'MINIMARKET RQ 1998', '971', '124', '0001-01-01', '2024-08-07', 'LUMINOSO', '12031.png', '1', '000145', 1, '', 1, '0000-00-00', '0000-00-00'),
(289, '12077', 918, 74, 'AGROQUIMICOS SELTF', '972', '125', '0001-01-01', '2024-08-07', 'SIMPLE', '12077.png', '1', '000146', 1, '', 1, '0000-00-00', '0000-00-00'),
(290, '12186', 919, 84, 'LIBRERIA-BAZAR NAMI', '973', '126', '0001-01-01', '2024-08-09', 'SIMPLE', '12186.png', '1', '000147', 1, '', 1, '0000-00-00', '0000-00-00'),
(291, '12213', 920, 86, 'SHIO FASHION', '974', '127', '0001-01-01', '2024-08-09', 'LUMINOSO', '12213.png', '1', '000148', 1, '', 1, '0000-00-00', '0000-00-00'),
(292, '12223', 921, 45, 'BOTICA FARMALUZ', '976', '128', '0001-01-01', '2024-08-09', 'LUMINOSO', '12223.png', '1', '000149', 1, '', 1, '0000-00-00', '0000-00-00'),
(293, '12324', 922, 62, 'ROMA', '977', '129', '0001-01-01', '2024-08-12', 'SIMPLE', '12324.png', '1', '000150', 1, '', 1, '0000-00-00', '0000-00-00'),
(294, '12448', 923, 29, 'EL GUARAPO', '978', '130', '0001-01-01', '2024-08-13', 'LUMINOSO', '12448.png', '1', '000151', 1, '', 1, '0000-00-00', '0000-00-00'),
(295, '12508', 924, 87, 'JSATEL E.I.R.L.', '979', '131', '0001-01-01', '2024-08-14', 'SIMPLE', '12508.png', '1', '000152', 1, '', 1, '0000-00-00', '0000-00-00'),
(296, '12601', 925, 62, 'ESTUDIO JURIDICO MONTERO', '980', '132', '0001-01-01', '2024-08-14', 'LUMINOSO', '12601.png', '1', '000153', 1, '', 1, '0000-00-00', '0000-00-00'),
(297, '12684', 926, 50, 'MULTISERVICIOS QUIROJA', '983', '133', '0001-01-01', '2024-08-16', 'SIMPLE', '12684.png', '1', '000154', 1, '', 1, '0000-00-00', '0000-00-00'),
(298, '12685', 927, 88, 'ENERGY', '982', '134', '0001-01-01', '2024-08-16', 'LUMINOSO', '12685.png', '1', '000155', 1, '', 1, '0000-00-00', '0000-00-00'),
(299, '12732', 928, 74, 'AGRO DISTRIBUCIONES MAYRA', '985', '135', '0001-01-01', '2024-08-16', 'LUMINOSO', '12732.png', '1', '000156', 1, '', 1, '0000-00-00', '0000-00-00'),
(300, '12722', 929, 29, 'TIENDAS  MASS', '984', '136', '0001-01-01', '2024-08-20', 'LUMINOSO', '12722.png', '1', '000157', 1, '087', 1, '2024-07-25', '2026-07-25'),
(301, '', 930, 21, 'FRUTERIA JUAN', '986', '137', '0001-01-01', '2024-08-20', 'SIMPLE', '.png', '1', '000158', 1, '', 1, '0000-00-00', '0000-00-00'),
(302, '', 931, 21, 'FRUTERIA JUAN', '986', '137', '0001-01-01', '2024-08-22', 'SIMPLE', '.png', '1', '000159', 1, '', 1, '0000-00-00', '0000-00-00'),
(303, '13020', 932, 22, 'DELYPLAST', '987', '138', '0001-01-01', '2024-08-23', 'SIMPLE', '13020.png', '1', '000160', 1, '', 1, '0000-00-00', '0000-00-00'),
(304, '', 933, 21, 'FRUTERIA  J U A  N', '986', '137', '0001-01-01', '2024-08-23', 'SIMPLE', '.png', '1', '000161', 1, '', 1, '0000-00-00', '0000-00-00'),
(305, '12778', 933, 21, 'FRUTERIA JUAN', '986', '137', '0001-01-01', '2024-08-20', 'SIMPLE', '12778.png', '1', '000162', 1, '', 1, '0000-00-00', '0000-00-00'),
(306, '13261', 934, 45, 'BOTICAS MG FARMA', '988', '140', '0001-01-01', '2024-08-27', 'LUMINOSO', '13261.png', '1', '000163', 1, '', 1, '0000-00-00', '0000-00-00'),
(307, '13329', 935, 2, 'IMPORTACIONES  ALESUKIM S.A.C', '989', '141', '0001-01-01', '2024-08-28', 'SIMPLE', '13329.png', '1', '000164', 1, '', 1, '0000-00-00', '0000-00-00'),
(308, '13367', 936, 81, 'AGROVETERINARIA GRUPO RIVERA S.A.C', '992', '142', '0001-01-01', '2024-08-28', 'SIMPLE', '13367.png', '1', '000165', 1, '', 1, '0000-00-00', '0000-00-00'),
(309, '13368', 937, 81, 'AGROVETERINARIA  GRUPO RIVERA S.A.C', '990', '143', '0001-01-01', '2024-08-28', 'SIMPLE', '13368.png', '1', '000166', 1, '', 1, '0000-00-00', '0000-00-00'),
(310, '13369', 938, 81, 'AGROVETERINARIA GRUPO RIVERA SAC', '991', '144', '0001-01-01', '2024-08-28', 'SIMPLE', '13369.png', '1', '000167', 1, '', 1, '0000-00-00', '0000-00-00'),
(311, '13628', 752, 21, 'BODEGA J´S', '996', '145', '0001-01-01', '2024-09-04', 'LUMINOSO', '13628.png', '1', '000168', 1, '', 1, '0000-00-00', '0000-00-00'),
(312, '13889', 939, 45, 'BOTICA ITALO', '1000', '146', '0001-01-01', '2024-09-10', 'LUMINOSO', '13889.png', '1', '000169', 1, '', 1, '0000-00-00', '0000-00-00'),
(313, '13890', 940, 45, 'BOTICA ITALO', '1000', '147', '0001-01-01', '2024-09-10', 'LUMINOSO', '13890.png', '1', '000170', 1, '', 1, '0000-00-00', '0000-00-00'),
(314, '13963', 943, 62, 'ESC. DE OPERADORES GOLDEN MINE', '1001', '150', '0001-01-01', '2024-09-11', 'SIMPLE', '13963.png', '1', '000171', 1, '', 1, '0000-00-00', '0000-00-00'),
(315, '13966', 944, 22, 'MOVILTEC', '1002', '151', '0001-01-01', '2024-09-12', 'SIMPLE', '13966.png', '1', '000172', 1, '', 1, '0000-00-00', '0000-00-00'),
(316, '13986', 946, 7, 'FARMACIA QUIÑONES', '1003', '152', '0001-01-01', '2024-09-16', 'LUMINOSO', '13986.png', '1', '000173', 1, '', 1, '0000-00-00', '0000-00-00'),
(317, '13996', 947, 30, 'MABANA', '1004', '153', '0001-01-01', '2024-09-16', 'LUMINOSO', '13996.png', '1', '000174', 1, '', 1, '0000-00-00', '0000-00-00'),
(318, '13997', 948, 89, 'INVERCIONES ARTA SAC', '1005', '154', '0001-01-01', '2024-09-16', 'SIMPLE', '13997.png', '1', '000175', 1, '', 1, '0000-00-00', '0000-00-00'),
(319, '13820', 960, 83, 'CONSULTORIO SUAREZ LOARDO', '998', '166', '0001-01-01', '2024-09-16', 'LUMINOSO', '13820.png', '1', '000176', 1, '', 1, '0000-00-00', '0000-00-00'),
(320, '13821', 961, 65, 'MICRO FINANCIERA SOL DE ORO', '997', '167', '0001-01-01', '2024-09-16', 'SIMPLE', '13821.png', '1', '000177', 1, '', 1, '0000-00-00', '0000-00-00'),
(321, '14010', 949, 22, 'SUNDARY', '1007', '155', '0001-01-01', '2024-09-17', 'LUMINOSO', '14010.png', '1', '000178', 1, '', 1, '0000-00-00', '0000-00-00'),
(322, '14009', 950, 30, 'IMPORT. H.Y.C.', '1006', '156', '0001-01-01', '2024-09-17', 'SIMPLE', '14009.png', '1', '000179', 1, '', 1, '0000-00-00', '0000-00-00'),
(323, '14016', 951, 78, 'JHENDRIK', '1009', '157', '0001-01-01', '2024-09-17', 'SIMPLE', '14016.png', '1', '000180', 1, '', 1, '0000-00-00', '0000-00-00'),
(324, '14015', 952, 78, 'POLARIZADOS DEYMAR Y AUTO SPA', '1010', '158', '0001-01-01', '2024-09-17', 'SIMPLE', '14015.png', '1', '000181', 1, '', 1, '0000-00-00', '0000-00-00'),
(325, '14020', 953, 78, 'POLARIZADO SANTIAGO', '1008', '159', '0001-01-01', '2024-09-17', 'SIMPLE', '14020.png', '1', '000182', 1, '', 1, '0000-00-00', '0000-00-00'),
(326, '14036', 954, 29, 'EL GORRION', '1011', '160', '0001-01-01', '2024-09-17', 'SIMPLE', '14036.png', '1', '000183', 1, '', 1, '0000-00-00', '0000-00-00'),
(327, '14079', 55, 21, 'BODEGA CLEO', '1012', '161', '0001-01-01', '2024-09-17', 'SIMPLE', '14079.png', '1', '000184', 1, '', 1, '0000-00-00', '0000-00-00'),
(328, '14115', 956, 7, 'FARMASALUD', '1013', '162', '0001-01-01', '2024-09-17', 'LUMINOSO', '14115.png', '1', '000185', 1, '', 1, '0000-00-00', '0000-00-00'),
(329, '14118', 957, 29, 'MINIMARKET SAMIR', '1014', '163', '0001-01-01', '2024-09-17', 'SIMPLE', '14118.png', '1', '000186', 1, '', 1, '0000-00-00', '0000-00-00'),
(330, '14221', 958, 45, 'JAMPI WANKA', '1017', '164', '0001-01-01', '2024-09-17', 'LUMINOSO', '14221.png', '1', '000187', 1, '', 1, '0000-00-00', '0000-00-00'),
(331, '14195', 959, 44, 'MAIACELL PHONE', '1016', '165', '0001-01-01', '2024-09-17', 'LUMINOSO', '14195.png', '1', '000188', 1, '', 1, '0000-00-00', '0000-00-00'),
(332, '14272', 962, 22, 'NOVEDADES PANDA', '1020', '168', '0001-01-01', '2024-09-19', 'SIMPLE', '14272.png', '1', '000189', 1, '', 1, '0000-00-00', '0000-00-00'),
(333, '14302', 963, 91, 'PLASTIQUERIA AMEN', '1022', '169', '0001-01-01', '2024-09-19', 'SIMPLE', '14302.png', '1', '000190', 1, '', 1, '0000-00-00', '0000-00-00'),
(334, '', 964, 75, 'DISTRIBUIDORA MUNDO MAGICO EIRL', '1021', '169', '0001-01-01', '2024-09-19', 'SIMPLE', '.png', '1', '000191', 0, '', 0, '0000-00-00', '0000-00-00'),
(335, '14307', 965, 91, 'plastiqueria amen', '014307', '000170', '0001-01-01', '2024-09-19', 'simple', '14307.png', '1', '000192', 1, '', 1, '0000-00-00', '0000-00-00'),
(336, '14302', 966, 25, 'DISTRIBUIDORA MUNDO MAGICO', '001021', '000169', '0001-01-01', '2024-09-19', 'SIMPLE', '14302.png', '1', '000193', 1, '', 1, '0000-00-00', '0000-00-00'),
(337, '014302', 966, 92, 'DISTRIBUIDORA MUNDO MAGICO EIRL', '01021', '0169', '0001-01-01', '2024-09-18', 'SIMPLE', '014302.png', '1', '000194', 1, '', 1, '0000-00-00', '0000-00-00'),
(338, '014354', 967, 21, 'CRUZ DE MAYO', '1024', '171', '0001-01-01', '2024-09-18', 'SIMPLE', '014354.png', '1', '000195', 1, '', 1, '0000-00-00', '0000-00-00'),
(339, '014479', 968, 1, 'CORPORACION WASSI SHAY', '01025', '0172', '0001-01-01', '2024-09-19', 'LUMINOSO', '014479.png', '1', '000196', 1, '', 1, '0000-00-00', '0000-00-00'),
(340, '14482', 969, 29, 'MINIMARKET DYLAN', '1026', '173', '0001-01-01', '2024-09-19', 'SIMPLE', '14482.png', '1', '000197', 1, '', 1, '0000-00-00', '0000-00-00'),
(341, '14542', 971, 57, 'DE TODO PARA ELLAS', '1029', '174', '0001-01-01', '2024-09-23', 'LUMINOSO', '14542.png', '1', '000206', 1, '', 1, '0000-00-00', '0000-00-00'),
(342, '14543', 972, 22, 'NOVEDADES ABDIEL', '1028', '175', '0001-01-01', '2024-09-23', 'LUMINOSO', '14543.png', '1', '000199', 1, '', 1, '0000-00-00', '0000-00-00'),
(343, '14543', 972, 22, 'DE TODO PARA ELLAS..', '1029', '174', '0001-01-01', '2024-09-24', 'LUMINOSO', '14543.png', '1', '000200', 1, '', 0, '0000-00-00', '0000-00-00'),
(344, '14535', 973, 1, 'CAFFE LOUNGE   LUNA', '1027', '176', '0001-01-01', '2024-09-23', 'LUMINOSO', '14535.png', '1', '000201', 1, '', 1, '0000-00-00', '0000-00-00'),
(345, '14599', 974, 74, 'AGROINVERSIONES ALIAGA', '1031', '177', '0001-01-01', '2024-09-24', 'LUMINOSO', '14599.png', '1', '000202', 1, '', 1, '0000-00-00', '0000-00-00'),
(346, '14542', 975, 22, 'DE TODO PARA ELLAS', '1029', '174', '0001-01-01', '2024-09-24', 'LUMINOSO', '14542.png', '1', '000203', 1, '', 1, '0000-00-00', '0000-00-00'),
(347, '14542', 972, 22, 'DE TODO PARA ELLAS', '1029', '174', '0001-01-01', '2024-09-24', 'LUMINOSO', '14542.png', '1', '000204', 1, '', 1, '0000-00-00', '0000-00-00'),
(348, '14542', 976, 22, 'DE TODO PARA ELLAS', '1029', '174', '0001-01-01', '2024-09-24', 'LUMINOSO', '14542.png', '1', '000205', 1, '', 1, '0000-00-00', '0000-00-00'),
(349, '14663', 977, 1, 'TAURO POLLERIA CFIFA', '1032', '178', '0001-01-01', '2024-09-30', 'LUMINOSO', '14663.png', '1', '000207', 1, '', 1, '0000-00-00', '0000-00-00'),
(350, '14773', 978, 22, 'PIÑATERIA FESTILANDIA', '1033', '179', '0001-01-01', '2024-09-30', 'SIMPLE', '14773.png', '1', '000208', 1, '', 1, '0000-00-00', '0000-00-00'),
(351, '14775', 980, 21, 'BODEGA GABY', '1034', '180', '0001-01-01', '2024-09-30', 'SIMPLE', '14775.png', '1', '000209', 1, '', 1, '0000-00-00', '0000-00-00'),
(352, '14917', 979, 62, 'E.T. GALVAN S.A.C.', '1035', '181', '0001-01-01', '2024-09-30', 'SIMPLE', '14917.png', '1', '000210', 1, '', 1, '0000-00-00', '0000-00-00'),
(353, '15055', 981, 84, 'BAZAR LIBRERIA Y REGALOS NEVADO', '1036', '182', '0001-01-01', '2024-10-03', 'SIMPLE', '15055.png', '1', '000211', 1, '', 1, '0000-00-00', '0000-00-00'),
(354, '15095', 982, 30, 'CRISMAR', '1037', '184', '0001-01-01', '2024-10-03', 'SIMPLE', '15095.png', '1', '000212', 1, '', 1, '0000-00-00', '0000-00-00'),
(355, '15110', 983, 2, 'ROSARIO', '1039', '185', '0001-01-01', '2024-10-03', 'SIMPLE', '15110.png', '1', '000213', 1, '', 1, '0000-00-00', '0000-00-00'),
(356, '15109', 984, 89, 'CLARO', '1038', '186', '0001-01-01', '2024-10-03', 'SIMPLE', '15109.png', '1', '000214', 1, '', 1, '0000-00-00', '0000-00-00'),
(357, '15198', 985, 83, 'DR. HUAIRE ECOGRAFIAS', '1040', '187', '0001-01-01', '2024-10-04', 'SIMPLE', '15198.png', '1', '000215', 1, '', 1, '0000-00-00', '0000-00-00'),
(358, '15199', 986, 89, 'BITEL DISTRIBUIDOR', '1019', '188', '0001-01-01', '2024-10-04', 'LUMINOSO', '15199.png', '1', '000216', 1, '', 1, '0000-00-00', '0000-00-00'),
(359, '15200', 987, 89, 'BITEL DISTRIBUIDOR', '1018', '189', '0001-01-01', '2024-10-04', 'LUMINOSO', '15200.png', '1', '000217', 1, '', 1, '0000-00-00', '0000-00-00'),
(360, '15365', 988, 29, 'SEÑOR DE CANI CRUZ', '1042', '190', '0001-01-01', '2024-10-14', 'SIMPLE', '15365.png', '1', '000218', 1, '', 1, '0000-00-00', '0000-00-00'),
(361, '15382', 989, 93, 'CAJA AREQUIPA', '1043', '191', '0001-01-01', '2024-10-14', 'LUMINOSO', '15382.png', '1', '000219', 1, '', 1, '0000-00-00', '0000-00-00'),
(362, '15535', 990, 94, 'PREFABRICADOS CAMAYO PRO', '1046', '192', '0001-01-01', '2024-10-15', 'SIMPLE', '15535.png', '1', '000220', 1, '', 1, '0000-00-00', '0000-00-00'),
(363, '15571', 991, 88, 'DAYA DREAMS STARS', '1047', '193', '0001-01-01', '2024-10-15', 'SIMPLE', '15571.png', '1', '000221', 1, '', 1, '0000-00-00', '0000-00-00'),
(364, '15750', 992, 30, 'CELLFONIC', '1048', '194', '0001-01-01', '2024-10-21', 'LUMINOSO', '15750.png', '1', '000222', 1, '', 1, '0000-00-00', '0000-00-00'),
(365, '15782', 993, 74, 'SEGURA SALCEDO MIGUEL ANGEL', '1049', '195', '0001-01-01', '2024-10-21', 'LUMINOSO', '15782.png', '1', '000223', 1, '', 1, '0000-00-00', '0000-00-00');
INSERT INTO `licencia` (`idlicencia`, `exp_num`, `idtienda`, `idgiro`, `nombre_comercial`, `numrecibo_tesoreria`, `num_resolucion`, `vigencia_lic`, `fecha_ingreso`, `fecha_expedicion`, `qr`, `tipo_lic`, `num_tipolic`, `condicion`, `NumResITSE`, `EstadoITSE`, `expedicionITSE`, `vigenciaITSE`) VALUES
(366, '16229', 994, 1, 'LA ESPERANZA', '1052', '196', '0001-01-01', '2024-10-24', 'SIMPLE', '16229.png', '1', '000224', 1, '', 1, '0000-00-00', '0000-00-00'),
(367, '16232', 995, 21, 'VILLAVERDE', '1050', '197', '0001-01-01', '2024-10-24', 'SIMPLE', '16232.png', '1', '000225', 1, '', 1, '0000-00-00', '0000-00-00'),
(368, '16504', 996, 86, 'SCARPE ORIGINAL S', '1053', '198', '0001-01-01', '2024-10-31', 'SIMPLE', '16504.png', '1', '000226', 1, '', 1, '0000-00-00', '0000-00-00'),
(369, '16544', 997, 56, 'JOHE DULZURAS', '1054', '199', '0001-01-01', '2024-10-31', 'LUMINOSO', '16544.png', '1', '000227', 1, '', 1, '0000-00-00', '0000-00-00'),
(370, '16581', 998, 1, 'NATIVOS', '1055', '200', '0001-01-01', '2024-10-31', 'LUMINOSO', '16581.png', '1', '000228', 1, '', 1, '0000-00-00', '0000-00-00'),
(371, '16657', 999, 29, 'GAEL', '1056', '201', '0001-01-01', '2024-10-31', 'SIMPLE', '16657.png', '1', '000229', 1, '', 1, '0000-00-00', '0000-00-00'),
(372, '17112', 1000, 21, 'BODEGA MECHITA', '1065', '202', '0001-01-01', '2024-11-12', 'SIMPLE', '17112.png', '1', '000230', 1, '', 1, '0000-00-00', '0000-00-00'),
(373, '17145', 1001, 95, 'FERRETERIA D ABY', '1067', '203', '0001-01-01', '2024-11-13', 'SIMPLE', '17145.png', '1', '000231', 1, '', 1, '0000-00-00', '0000-00-00'),
(374, '17151', 1002, 96, 'ALMACEN CAJA AREQUIPA', '1069', '204', '0001-01-01', '2024-11-13', 'NINGUNO', '17151.png', '1', '000232', 1, '', 1, '0000-00-00', '0000-00-00'),
(375, '17209', 1003, 74, 'VALLE DEL MANTARO', '1070', '205', '0001-01-01', '2024-11-13', 'SIMPLE', '17209.png', '1', '000233', 1, '', 1, '0000-00-00', '0000-00-00'),
(376, '17291', 1004, 74, 'VELLE DEL MANTARO', '1072', '206', '0001-01-01', '2024-11-15', 'SIMPLE', '17291.png', '1', '000234', 1, '', 1, '0000-00-00', '0000-00-00'),
(377, '0001', 444, 35, 'PRUEBA', '23', '25', '2024-11-30', '2024-11-20', 'LUMINOSO', '0001.png', '2', '000087', 1, '25', 1, '2024-11-20', '2026-11-20'),
(378, '17388', 1006, 75, 'COMERCIAL ASTRID', '1073', '208', '0001-01-01', '2024-11-20', 'SIMPLE', '17388.png', '1', '000235', 1, '', 1, '0000-00-00', '0000-00-00'),
(379, '17511', 1005, 1, 'POLLERIA KIKIRIKI', '1075', '209', '0001-01-01', '2024-11-20', 'LUMINOSO', '17511.png', '1', '000236', 1, '209', 1, '0000-00-00', '0000-00-00'),
(380, '17433', 1007, 86, 'IAN PERU', '1074', '207', '0001-01-01', '2024-11-21', 'SIMPLE', '17433.png', '1', '000237', 1, '', 1, '0000-00-00', '0000-00-00'),
(381, '17529', 1008, 79, 'INDUSTRIA GRAFICA A.B.C.', '1076', '210', '0001-01-01', '2024-11-21', 'LUMINOSO', '17529.png', '1', '000238', 1, '', 1, '0000-00-00', '0000-00-00'),
(382, '17780-2024', 1010, 50, 'LALO RACING', '1079', '215', '0001-01-01', '2024-11-22', 'LUMINOSO', '17780.png', '1', '000239', 1, '', 1, '0000-00-00', '0000-00-00'),
(383, '17561', 1009, 59, 'FERRETERIA DEL NORTE', '1077', '211', '0001-01-01', '2024-11-20', 'SIMPLE', '17561.png', '1', '000240', 1, '', 1, '0000-00-00', '0000-00-00'),
(384, '17585', 1011, 95, 'LOS INGENIEROS', '1078', '212', '0001-01-01', '2024-11-21', 'SIMPLE', '17585.png', '1', '000241', 1, '', 1, '0000-00-00', '0000-00-00'),
(385, '17831', 1012, 62, 'ESTUDIO JURIDICO', '1080', '216', '0001-01-01', '2024-11-29', 'SIMPLE', '17831.png', '1', '000242', 1, '', 1, '0000-00-00', '0000-00-00'),
(386, '18115', 1013, 97, 'PIÑATERIA NARICES ROJAS', '1082', '217', '0001-01-01', '2024-11-29', 'LUMINOSO', '18115.png', '1', '000243', 1, '', 1, '0000-00-00', '0000-00-00'),
(387, '18116', 1014, 50, 'MULTISEVICIOS  JAVIER', '1081', '218', '0001-01-01', '2024-11-29', 'SIMPLE', '18116.png', '1', '000244', 1, '', 1, '0000-00-00', '0000-00-00'),
(388, '18272', 1015, 21, 'BODEGUITA LILIANA', '1083', '219', '0001-01-01', '2024-11-29', 'SIMPLE', '18272.png', '1', '000245', 1, '', 1, '0000-00-00', '0000-00-00'),
(389, '18347', 1016, 21, 'BODEGA DEL VALLE', '1084', '220', '0001-01-01', '2024-11-29', 'SIMPLE', '18347.png', '1', '000246', 1, '', 1, '0000-00-00', '0000-00-00'),
(390, '144', 1017, 98, 'PLANTA CERVECERA WAYAYO', '1085', '221', '0001-01-01', '2024-11-29', 'LUMINOSO', '144.png', '1', '000247', 1, '', 1, '0000-00-00', '0000-00-00'),
(392, '18539-2024', 1019, 36, 'ALESSANDROS', '001086', '222', '0001-01-01', '2024-12-04', 'LUMINOSO', '18539-2024.png', '1', '000248', 1, '', 1, '0000-00-00', '0000-00-00'),
(393, '18597-2024', 1020, 1, 'COMIDAS RAPIDAS', '1087', '224', '0001-01-01', '2024-12-05', 'SIMPLE', '18597-2024.png', '1', '000249', 1, '', 1, '0000-00-00', '0000-00-00'),
(394, '18710-2024', 1022, 95, 'FERRETERIA E   K ROJITAS M', '1088', '225', '0001-01-01', '2024-12-05', 'SIMPLE', '18710-2024.png', '1', '000250', 1, '', 1, '0000-00-00', '0000-00-00'),
(395, '18713-2024', 1023, 45, 'BOTICA BIOSALUD', '1089', '226', '0001-01-01', '2024-12-05', 'LUMINOSO', '18713-2024.png', '1', '000251', 1, '', 1, '0000-00-00', '0000-00-00'),
(396, '18904-2024', 1024, 62, 'COOPERATIVA ETICA', '1093', '230', '0001-01-01', '2024-12-06', 'SIMPLE', '18904-2024.png', '1', '000252', 1, '', 1, '0000-00-00', '0000-00-00'),
(397, '18830-2024', 1025, 27, 'HOSPEDAJE LUNA', '1090', '227', '0001-01-01', '2024-12-12', 'LUMINOSO', '.png', '1', '000253', 1, '', 1, '0000-00-00', '0000-00-00'),
(398, '18888-2024', 1026, 21, 'LA CHINITA', '1091', '228', '0001-01-01', '2024-12-12', 'SIMPLE', '18888-2024.png', '1', '000254', 1, '', 1, '0000-00-00', '0000-00-00'),
(399, '18889-2024', 1027, 96, 'APOLO ENVIRONMENT', '1092', '229', '0001-01-01', '2024-12-12', 'SIMPLE', '18889-2024.png', '1', '000255', 1, '', 1, '0000-00-00', '0000-00-00'),
(400, '19126-2024', 1029, 74, 'AGRODENIS E.I.R.L.', '1094', '231', '0001-01-01', '2024-12-12', 'SIMPLE', '19126-2024.png', '1', '000256', 1, '', 1, '0000-00-00', '0000-00-00'),
(401, '19127-2024', 1028, 74, 'AGRODENIS E.I.R.L.', '1095', '232', '0001-01-01', '2024-12-12', 'SIMPLE', '19127-2024.png', '1', '000257', 1, '', 1, '0000-00-00', '0000-00-00'),
(402, '19142-2024', 1030, 29, 'KATSUMI', '1096', '233', '0001-01-01', '2024-12-16', 'LUMINOSO', '19142-2024.png', '1', '000258', 1, '', 1, '0000-00-00', '0000-00-00'),
(403, '19446', 1031, 89, 'MOVIL SHOP - CLARO', '1097', '235', '0001-01-01', '2024-12-20', 'SIMPLE', '19446.png', '1', '000259', 1, '', 1, '0000-00-00', '0000-00-00'),
(404, '19527-2024', 1032, 47, 'CV INCOMPARABLE BARBER STUDIO', '1098', '236', '0001-01-01', '2024-12-20', 'LUMINOSO', '19527-2024.png', '1', '000260', 1, '', 1, '0000-00-00', '0000-00-00'),
(405, '19589-2024', 1033, 59, 'C. C. FERRETERO LA PRINCIPAL', '1099', '237', '0001-01-01', '2024-12-23', 'SIMPLE', '19589-2024.png', '1', '000261', 1, '', 1, '0000-00-00', '0000-00-00'),
(406, '19886-2024', 1034, 99, 'ZAPATERIA ROMA', '1100', '238', '0001-01-01', '2024-12-27', 'SIMPLE', '19886-2024.png', '1', '000262', 1, '', 1, '0000-00-00', '0000-00-00'),
(407, '19901-2024', 1035, 3, 'LUZMI', '1101', '239', '0001-01-01', '2024-12-27', 'SIMPLE', '19901-2024.png', '1', '000263', 1, '', 1, '0000-00-00', '0000-00-00'),
(408, '1099', 1036, 43, 'HOTEL ANDESMAR  CONVENTION CENTER', '001103', '001', '0001-01-01', '2025-01-23', 'LUMINOSO', '1099.png', '1', '000264', 1, '', 1, '0000-00-00', '0000-00-00'),
(409, '1618-2025', 1037, 29, 'NOVAMARKET', '001105', '002', '0001-01-01', '2025-02-04', 'SIMPLE', '1618-2025.png', '1', '000265', 1, '', 1, '0000-00-00', '0000-00-00'),
(410, '1639-2025', 1038, 62, 'BANCA REAL - CREDI REAL', '001106', '003', '0001-01-01', '2025-02-04', 'LUMINOSO', '1639-2025.png', '1', '000267', 1, '', 1, '0000-00-00', '0000-00-00'),
(411, '1695-2025', 1039, 1, 'RESTAURANTE LOS LAURELES', '1107', '004', '0001-01-01', '2025-02-05', 'SIMPLE', '1695-2025.png', '1', '000268', 1, '', 1, '0000-00-00', '0000-00-00'),
(412, '1721-2025', 1040, 78, 'MOTORS   GRUPO A  P', '1108', '005', '0001-01-01', '2025-02-05', 'LUMINOSO', '1721-2025.png', '1', '000269', 1, '', 1, '0000-00-00', '0000-00-00'),
(413, '1768-2025', 1041, 50, 'INVERSIONES MAC CAP', '1109', '006', '0001-01-01', '2025-02-05', 'SIMPLE', '1768-2025.png', '1', '000270', 1, '', 1, '0000-00-00', '0000-00-00'),
(414, '1819-2025', 1042, 1, 'RESTAURANT LOS JARDINES', '001111', '007', '0001-01-01', '2025-02-07', 'SIMPLE', '.png', '1', '000271', 1, '', 1, '0000-00-00', '0000-00-00'),
(415, '1820-2025', 1043, 22, 'CELFON CENTER', '001110', '008', '0001-01-01', '2025-02-07', 'LUMINOSO', '1820-2025.png', '1', '000272', 1, '', 1, '0000-00-00', '0000-00-00'),
(416, '1898-2025', 1044, 62, 'Q R ASOCIADOS-ESTUDIO JURIDICO', '1112', '009', '0001-01-01', '2025-02-11', 'SIMPLE', '1898-2025.png', '1', '000273', 1, '', 1, '0000-00-00', '0000-00-00'),
(417, '1900-2025', 1045, 1, 'CONSTRUYE CRISCA S.A.C.', '1104', '010', '0001-01-01', '2025-02-11', 'LUMINOSO', '1900-2025.png', '1', '000274', 1, '', 1, '0000-00-00', '0000-00-00'),
(418, '1901-2025', 1046, 100, 'PANDA', '1113', '011', '0001-01-01', '2025-02-10', 'SIMPLE', '1901-2025.png', '1', '000275', 1, '', 1, '0000-00-00', '0000-00-00'),
(419, '2018- 2025', 1047, 45, 'BOTICA CARMELITAS FARMA', '1114', '012', '0001-01-01', '2025-02-12', 'SIMPLE', '2018- 2025.png', '1', '000276', 1, '', 1, '0000-00-00', '0000-00-00'),
(420, '2122-2025', 1048, 95, 'EL FIERRAZO', '1115', '013', '0001-01-01', '2025-02-13', 'LUMINOSO', '2122-2025.png', '1', '000277', 1, '', 1, '0000-00-00', '0000-00-00'),
(421, '2262 - 2025', 1049, 62, 'EMPRESA DE TRANSPORTES GALVAN S.A.C.', '1117', '014', '0001-01-01', '2025-02-18', 'SIMPLE', '2262 - 2025.png', '1', '000278', 1, '', 1, '0000-00-00', '0000-00-00'),
(422, '2516-2025', 1050, 29, 'CRUZ DE MAYO', '1118', '015', '0001-01-01', '2025-02-20', 'SIMPLE', '2516-2025.png', '1', '000279', 1, '', 1, '0000-00-00', '0000-00-00'),
(423, '2567-2025', 1051, 59, 'FERRETERIA NICOL', '1119', '017', '0001-01-01', '2025-02-21', 'SIMPLE', '2567-2025.png', '1', '000280', 1, '', 1, '0000-00-00', '0000-00-00'),
(424, '2614-2025', 1052, 70, 'ORAL D', '1121', '016', '0001-01-01', '2025-02-21', 'LUMINOSO', '2614-2025.png', '1', '000281', 1, '', 1, '0000-00-00', '0000-00-00'),
(425, '2574-2025', 1053, 21, 'LA TIA ANITA', '1120', '018', '0001-01-01', '2025-02-21', 'SIMPLE', '2574-2025.png', '1', '000282', 1, '', 1, '0000-00-00', '0000-00-00'),
(426, '2935-2025', 1054, 101, 'VETERINARIA', '1124', '0019', '0001-01-01', '2025-02-28', 'LUMINOSO', '2935-2025.png', '1', '000283', 1, '', 1, '0000-00-00', '0000-00-00'),
(427, '3019-2025', 1055, 74, 'ARONEGOCIOS VIRGEN DE YAUCA S.A.C.', '1125', '0020', '0001-01-01', '2024-02-28', 'SIMPLE', '3019-2025.png', '1', '000284', 1, '', 1, '0000-00-00', '0000-00-00'),
(428, '3042-2025', 1056, 31, 'TU DULCE PALADAR', '1126', '0021', '0001-01-01', '2025-03-03', 'LUMINOSO', '3042-2025.png', '1', '000285', 1, '', 1, '0000-00-00', '0000-00-00'),
(429, '3087-2025', 1057, 62, 'COOPAC-KURIA', '1127', '0022', '0001-01-01', '2025-03-03', 'SIMPLE', '3087-2025.png', '1', '000286', 1, '', 1, '0000-00-00', '0000-00-00'),
(430, '3209-2025', 1058, 59, 'MADERERA ESPINOZA', '1128', '0023', '0001-01-01', '2025-03-04', 'SIMPLE', '3209-2025.png', '1', '000287', 1, '', 1, '0000-00-00', '0000-00-00'),
(431, '3261-2025', 1059, 62, 'ACADEMIA LATINO PRE POLICIAL', '1130', '0024', '0001-01-01', '2025-03-05', 'SIMPLE', '3261-2025.png', '1', '000288', 1, '', 1, '0000-00-00', '0000-00-00'),
(432, '3271-2025', 1060, 29, 'MINIMARKET JHESSEL', '1131', '0025', '0001-01-01', '2025-03-05', 'SIMPLE', '3271-2025.png', '1', '000289', 1, '', 1, '0000-00-00', '0000-00-00'),
(433, '3280-2025', 1061, 74, 'EL ESPIGON  AGRONEGOCIOS', '1129', '0026', '0001-01-01', '2025-03-05', 'SIMPLE', '3280-2025.png', '1', '000290', 1, '', 1, '0000-00-00', '0000-00-00'),
(434, '3300-2025', 1062, 1, 'EL ENCANTO VISTA ALEGRINO', '1132', '0027', '0001-01-01', '2025-03-06', 'LUMINOSO', '.png', '1', '000291', 1, '', 1, '0000-00-00', '0000-00-00'),
(435, '3370-2025', 1063, 62, 'INVERSIONES SANDOVAL', '1133', '0028', '0001-01-01', '2025-03-07', 'SIMPLE', '3370-2025.png', '1', '000292', 1, '', 1, '0000-00-00', '0000-00-00'),
(436, '3417-2025', 1064, 45, 'REAL FARMA', '1134', '0029', '0001-01-01', '2025-03-07', 'LUMINOSO', '3417-2025.png', '1', '000293', 1, '', 1, '0000-00-00', '0000-00-00'),
(437, '3418-2025', 1065, 1, 'LA SAZON DE MAMA ROSA', '1135', '0030', '0001-01-01', '2025-03-07', 'LUMINOSO', '.png', '1', '000294', 1, '', 1, '0000-00-00', '0000-00-00'),
(438, '3427-2025', 1066, 21, 'COMERCIAL EL TAYTA', '1136', '0031', '0001-01-01', '2025-03-07', 'LUMINOSO', '3427-2025.png', '1', '000295', 1, '', 1, '0000-00-00', '0000-00-00'),
(439, '3574-2025', 1067, 95, 'FIREROCK ENERGY S.A.C.', '1137', '0032', '0001-01-01', '2025-03-11', 'SIMPLE', '3574-2025.png', '1', '000296', 1, '', 1, '0000-00-00', '0000-00-00'),
(440, '3654-2025', 1068, 45, 'BOTICA FARMALUZ', '1138', '0033', '0001-01-01', '2025-03-12', 'LUMINOSO', '3654-2025.png', '1', '000297', 1, '', 1, '0000-00-00', '0000-00-00'),
(441, '3660-2025', 1069, 31, 'JUGUERIA ROCIO', '1139', '0034', '0001-01-01', '2025-03-12', 'SIMPLE', '3660-2025.png', '1', '000298', 1, '', 1, '0000-00-00', '0000-00-00'),
(442, '3732-2025', 1070, 126, 'AGROMUNDO QUIÑONES', '1140', '0035', '0001-01-01', '2025-03-13', 'SIMPLE', '3732-2025.png', '1', '000299', 1, '', 1, '0000-00-00', '0000-00-00'),
(443, '3783-2025', 1071, 89, 'INVERSIONES SOLANO E.I.R.L.', '1141', '0036', '0001-01-01', '2025-03-13', 'SIMPLE', '3783-2025.png', '1', '000300', 1, '', 1, '0000-00-00', '0000-00-00'),
(444, '3808-2025', 1072, 95, 'DON PERNO Y DOÑA TUERCA', '1142', '0037', '0001-01-01', '2025-03-14', 'SIMLE', '3808-2025.png', '1', '000301', 1, '', 1, '0000-00-00', '0000-00-00'),
(445, '3841-2025', 1074, 95, 'DIEGO', '1144', '0038', '0001-01-01', '2025-03-17', 'SIMPLE', '3841-2025.png', '1', '000302', 1, '', 1, '0000-00-00', '0000-00-00'),
(446, '3872-2025', 1075, 104, 'I.E.P. ANGELES DE GUADALUPE', '1145', '0039', '0001-01-01', '2025-03-17', 'SIMPLE', '.png', '1', '000303', 1, '', 1, '0000-00-00', '0000-00-00'),
(447, '3878-2025', 1076, 62, 'TRANSPORTES SALAZAR', '1146', '0040', '0001-01-01', '2025-03-17', 'SIMPLE', '3878-2025.png', '1', '000304', 1, '', 1, '0000-00-00', '0000-00-00'),
(448, '3994-2025', 1077, 74, 'AGROMAQ   J.F.  S.A.C.', '1147', '0041', '0001-01-01', '2025-03-19', 'SIMPLE', '3994-2025.png', '1', '000305', 1, '', 1, '0000-00-00', '0000-00-00'),
(449, '4014 - 2025', 1078, 57, 'MAIGRIS', '1151', '0042', '0001-01-01', '2025-03-19', 'SIMPLE', '4014 - 2025.png', '1', '000306', 1, '', 1, '0000-00-00', '0000-00-00'),
(450, '4015-2025', 1079, 7, 'FARMACIA SOCORRO', '1148', '0043', '0001-01-01', '2025-03-19', 'LUMINOSO', '4015-2025.png', '1', '000307', 1, '', 1, '0000-00-00', '0000-00-00'),
(451, '4016-2025', 1080, 105, 'LENCERIA MILAGROS', '1149', '0044', '0001-01-01', '2025-03-18', 'SIMPLE', '4016-2025.png', '1', '000308', 1, '', 1, '0000-00-00', '0000-00-00'),
(452, '4022-2025', 1081, 106, 'MUNDO ANIMAL', '1152', '0045', '0001-01-01', '2025-03-19', 'SIMPLE', '4022-2025.png', '1', '000309', 1, '', 1, '0000-00-00', '0000-00-00'),
(453, '4088-2025', 1082, 107, 'MULTISERVICIOS ANDERSON', '1153', '0046', '0001-01-01', '2025-03-20', 'SIMPLE', '4088-2025.png', '1', '000310', 1, '', 1, '0000-00-00', '0000-00-00'),
(454, '4185-2025', 1083, 45, 'BOTICA CRISFARMA', '1154', '0047', '0001-01-01', '2025-03-24', 'LUMINOSO', '4185-2025.png', '1', '000311', 1, '', 1, '0000-00-00', '0000-00-00'),
(455, '4447-2025', 1084, 84, 'TIENDAS  MARIFER', '1155', '0048', '0001-01-01', '2025-03-26', 'SIMPLE', '4447-2025.png', '1', '000312', 1, '', 1, '0000-00-00', '0000-00-00'),
(456, '4449-2025', 1085, 45, 'BOTICA JAMPI WANKA', '1156', '0049', '0001-01-01', '2025-03-26', 'LUMINOSO', '4449-2025.png', '1', '000313', 1, '', 1, '0000-00-00', '0000-00-00'),
(457, '4481-2025', 1086, 65, 'CREDI CASH PYME', '1157', '0050', '0001-01-01', '2025-03-26', 'SIMPLE', '4481-2025.png', '1', '000314', 1, '', 1, '0000-00-00', '0000-00-00'),
(458, '4500-2025', 1087, 47, 'BARBERIA ANDERS', '1158', '0051', '0001-01-01', '2025-03-26', 'SIMPLE', '4500-2025.png', '1', '000315', 1, '', 1, '0000-00-00', '0000-00-00'),
(459, '4607-2025', 1088, 1, 'LA  CRESTA DORADA CUNZHUANG', '1159', '0052', '0001-01-01', '2025-03-27', 'SIMPLE', '4607-2025.png', '1', '000316', 1, '', 1, '0000-00-00', '0000-00-00'),
(460, '4610-2025', 1089, 22, 'CORPORACION JERUSALESN LUZ E.I.R.L.', '1160', '0053', '0001-01-01', '2025-03-31', 'LUMINOSO', '4610-2025.png', '1', '000317', 1, '', 1, '0000-00-00', '0000-00-00'),
(461, '4760 - 2025', 1091, 109, 'E.T. GALVAN S.A.C.', '1161', '0054', '0001-01-01', '2025-04-04', 'SIMPLE', '4760 - 2025.png', '1', '000318', 1, '', 1, '0000-00-00', '0000-00-00'),
(462, '4835 - 2025', 1090, 108, 'GUARDERIA PEKES CLUB', '1162', '0055', '0001-01-01', '2025-04-04', 'SIMPLE', '4835 - 2025.png', '1', '000319', 1, '', 1, '0000-00-00', '0000-00-00'),
(463, '4930 - 2025', 1092, 21, 'BODEGA AMY EVANGILY', '1163', '0056', '0001-01-01', '2025-04-04', 'SIMPLE', '4930 - 2025.png', '1', '000320', 1, '', 1, '0000-00-00', '0000-00-00'),
(464, '5192-2025', 1093, 1, 'LA SAZON DE TU SELVA', '1164', '0057', '0001-01-01', '2025-04-07', 'LUMINOSO', '5192-2025.png', '1', '000321', 1, '', 1, '0000-00-00', '0000-00-00'),
(465, '5391-2025', 1094, 110, 'HELADITAS HOUSE', '1166', '0058', '0001-01-01', '2025-04-09', 'SIMPLE', '.png', '1', '000322', 1, '', 1, '0000-00-00', '0000-00-00'),
(466, '5406-2025', 1095, 74, 'ALIAGRO', '1167', '0059', '0001-01-01', '2025-04-09', 'SIMPLE', '5406-2025.png', '1', '000323', 1, '', 1, '0000-00-00', '0000-00-00'),
(467, '5431-2025', 1096, 21, 'BODEGUITA CARLITOS', '1168', '0060', '0001-01-01', '2025-04-10', 'SIMPLE', '5431-2025.png', '1', '000324', 1, '', 1, '0000-00-00', '0000-00-00'),
(468, '5459-2025', 1097, 74, 'AGRICOLA ANGELA', '1169', '0061', '0001-01-01', '2025-04-14', 'SIMPLE', '5459-2025.png', '1', '000325', 1, '', 1, '0000-00-00', '0000-00-00'),
(469, '5569-2025', 1098, 87, 'CLARO', '1170', '0062', '0001-01-01', '2025-04-14', 'LUMINOSO', '5569-2025.png', '1', '000326', 1, '', 1, '0000-00-00', '0000-00-00'),
(470, '', 1099, 1, 'EL PRIETO', '1171', '0063', '0001-01-01', '2025-04-16', 'LUMINOSO', '.png', '1', '000327', 1, '', 1, '0000-00-00', '0000-00-00'),
(471, '5832-2025', 1100, 62, 'GRUPO CORPORATIVO AVANTE S.A.C.', '1172', '0064', '0001-01-01', '2025-04-21', 'SIMPLE', '5832-2025.png', '1', '000328', 1, '', 1, '0000-00-00', '0000-00-00'),
(472, '5954-2025', 1102, 21, 'BODEGA FABI', '1173', '0065', '0001-01-01', '2025-04-22', 'SIMPLE', '5954-2025.png', '1', '000329', 1, '', 1, '0000-00-00', '0000-00-00'),
(473, '6062-2025', 1103, 29, 'MINIMARKET MIMI', '1174', '0066', '0001-01-01', '2025-04-23', 'SIMPLE', '6062-2025.png', '1', '000330', 1, '', 1, '0000-00-00', '0000-00-00'),
(474, '6066-2025', 1104, 45, 'BOTICA DAMIFARMA', '1175', '0067', '0001-01-01', '2025-04-23', 'LUMINOSO', '6066-2025.png', '1', '000331', 1, '', 1, '0000-00-00', '0000-00-00'),
(475, '6200-2025', 1105, 59, 'GROUP INVERSIONES PAR S.R.L.', '1176', '0068', '0001-01-01', '2025-04-25', 'SIMPLE', '6200-2025.png', '1', '000332', 1, '', 1, '0000-00-00', '0000-00-00'),
(476, '6443-2025', 1106, 21, 'BODEGA K.L.', '1177', '0069', '0001-01-01', '2025-04-30', 'SIMPLE', '6443-2025.png', '1', '000333', 1, '', 1, '0000-00-00', '0000-00-00'),
(477, '6580-2025', 1107, 21, 'BODEGA PEÑA', '1178', '0070', '0001-01-01', '2025-05-06', 'SIMPLE', '.png', '1', '000334', 1, '', 1, '0000-00-00', '0000-00-00'),
(478, '6722-2025', 1108, 81, 'RAMOS BENDEZU JOSE IVAN', '1179', '0071', '0001-01-01', '2025-05-08', 'SIMPLE', '6722-2025.png', '1', '000335', 1, '', 1, '0000-00-00', '0000-00-00'),
(479, '6946-2025', 1109, 81, 'CORPORACION BENITO', '1180', '0072', '0001-01-01', '2025-05-11', 'SIMPLE', '6946-2025.png', '1', '000336', 1, '', 1, '0000-00-00', '0000-00-00'),
(480, '6946', 1109, 81, 'CORPORACION BENITO', '1180', '0072', '0001-01-01', '2025-05-12', 'SIMPLE', '6946.png', '1', '000337', 1, '', 1, '0000-00-00', '0000-00-00'),
(481, '7112-2025', 1110, 111, 'CORPORACION LUCHIN E.I.R.L-VIDRIERIA', '1182', '0074', '0001-01-01', '2025-05-14', 'SIMPLE', '7112-2025.png', '1', '000338', 1, '', 1, '0000-00-00', '0000-00-00'),
(482, '7118-2025', 1111, 112, 'CORPORACION AVANZANDO S.R.L.', '1183', '0075', '0001-01-01', '2025-05-14', 'SIMPLE', '7118-2025.png', '1', '000339', 1, '', 1, '0000-00-00', '0000-00-00'),
(483, '7013-2025', 1113, 113, 'VILLA YOLANDA', '1181', '0073', '0001-01-01', '2025-05-14', 'SIMPLE', '7013-2025.png', '1', '000340', 1, '', 1, '0000-00-00', '0000-00-00'),
(484, '7156-2025', 1112, 114, 'CASA NATURISTA ABBALUZ', '1184', '0076', '0001-01-01', '2025-05-15', 'SIMPLE', '7156-2025.png', '1', '000341', 1, '', 1, '0000-00-00', '0000-00-00'),
(485, '7165-2025', 1114, 56, 'DIOGO', '1185', '0077', '0001-01-01', '2025-05-15', 'LUMINOSO', '7165-2025.png', '1', '000342', 1, '', 1, '0000-00-00', '0000-00-00'),
(486, '7285-2025', 1115, 29, 'STORE DE  LUJOS', '1186', '0078', '0001-01-01', '2025-05-16', 'LUMINOSO', '7285-2025.png', '1', '000343', 1, '', 1, '0000-00-00', '0000-00-00'),
(487, '7350-2025', 1116, 1, 'EL ENCUENTRO', '1187', '0079', '0001-01-01', '2025-05-20', 'SIMPLE', '7350-2025.png', '1', '000344', 1, '', 1, '0000-00-00', '0000-00-00'),
(488, '7560-2025', 1117, 1, 'EL PORTAL MARINO', '1188', '0080', '0001-01-01', '2025-05-22', 'SIMPLE', '7560-2025.png', '1', '000345', 1, '', 1, '0000-00-00', '0000-00-00'),
(489, '7561-2025', 1118, 1, 'EL PORTAL MARINO', '1189', '0081', '0001-01-01', '2025-05-22', 'SIMPLE', '.png', '1', '000346', 1, '', 1, '0000-00-00', '0000-00-00'),
(490, '7685-2025', 1119, 115, 'LENCERIA MILAGROS', '1190', '0082', '0001-01-01', '2025-05-23', 'SIMPLE', '7685-2025.png', '1', '000347', 1, '', 1, '0000-00-00', '0000-00-00'),
(491, '7734-2025', 1120, 47, 'BARBERIA DAMIAN', '1191', '0085', '0001-01-01', '2025-05-26', 'SIMPLE', '7734-2025.png', '1', '000348', 1, '', 1, '0000-00-00', '0000-00-00'),
(492, '7859-2025', 1121, 21, 'BODEGA LICHI', '1192', '0087', '0001-01-01', '2025-05-28', 'SIMPLE', '7859-2025.png', '1', '000349', 1, '', 1, '0000-00-00', '0000-00-00'),
(493, '7921-2025', 1122, 116, 'FIESTA', '1193', '0088', '0001-01-01', '2025-05-29', 'LUMINOSO', '7921-2025.png', '1', '000350', 1, '', 1, '0000-00-00', '0000-00-00'),
(494, '7979-2025', 1123, 30, 'MICELL-EMP. INDIV. DE RESPONS. LIMITADA-E.I.R.L.', '1194', '0089', '0001-01-01', '2025-05-30', 'LUMINOSO', '7997-2025.png', '1', '000351', 1, '', 1, '0000-00-00', '0000-00-00'),
(495, '8066-2025', 1124, 117, 'CENTRO  MEDICO ESP. EN RHB. MED. DEP. Y TRUMATOLOGIA', '1195', '0090', '0001-01-01', '2025-05-30', 'LUMINOSO', '8066-2025.png', '1', '000352', 1, '', 1, '0000-00-00', '0000-00-00'),
(496, '8153-2025', 1125, 27, 'HOSPEDAJE JAPATA', '1196', '0092', '0001-01-01', '2025-06-03', 'LUMINOSO', '8153-2025.png', '1', '000353', 1, '', 1, '0000-00-00', '0000-00-00'),
(497, '8273-2025', 1126, 67, 'CAR WASH LA ZOONA', '1197', '0093', '0001-01-01', '2025-06-05', 'SIMPLE', '8273-2025.png', '1', '000354', 1, '', 1, '0000-00-00', '0000-00-00'),
(498, '8324-2025', 1127, 1, 'YANY', '1198', '0094', '0001-01-01', '2025-06-09', 'SIMPLE', '8324-2025.png', '1', '000355', 1, '', 1, '0000-00-00', '0000-00-00'),
(499, '8521-2025', 1128, 118, 'STAR SALUD', '1199', '0095', '0001-01-01', '2025-06-11', 'SIMPLE', '8521-2025.png', '1', '000356', 1, '', 1, '0000-00-00', '0000-00-00'),
(500, '8535-2025', 1129, 119, 'LA CASITA DE ROMY', '1200', '0096', '0001-01-01', '2025-06-11', 'SIMPLE', '8535-2025.png', '1', '000357', 1, '', 1, '0000-00-00', '0000-00-00'),
(501, '8583-2025', 1130, 1, 'CEVICHERIA EL LOKITO', '1201', '0097', '0001-01-01', '2025-06-11', 'SIMPLE', '8583-2025.png', '1', '000358', 1, '', 1, '0000-00-00', '0000-00-00'),
(502, '8589-2025', 1131, 62, 'QUSKA SAC.', '1202', '0098', '0001-01-01', '2025-06-11', 'LUMINOSO', '8589-2025.png', '1', '000359', 1, '', 1, '0000-00-00', '0000-00-00'),
(503, '8682-2025', 1132, 62, 'FINANCIERA CREDITOS WANKA S.C.R.L.', '1205', '0100', '0001-01-01', '2025-06-17', 'LUMINOSO', '.png', '1', '000360', 1, '', 1, '0000-00-00', '0000-00-00'),
(504, '8688-2025', 1133, 29, 'EL GUARAPO', '1206', '0102', '0001-01-01', '2025-06-17', 'LUMINOSO', '8688-2025.png', '1', '000361', 1, '', 1, '0000-00-00', '0000-00-00'),
(505, '8629-2025', 1134, 120, 'MELANY DETALLES Y EVENTOS', '1203', '0099', '0001-01-01', '2025-06-17', 'LUMINOSO', '8629-2025.png', '1', '000362', 1, '', 1, '0000-00-00', '0000-00-00'),
(506, '8670-2025', 1135, 7, 'FARMACIA FARMADENT', '1204', '0101', '0001-01-01', '2025-06-17', 'LUMINOSO', '8670-2025.png', '1', '000363', 1, '', 1, '0000-00-00', '0000-00-00'),
(507, '9547-2025', 1136, 122, 'UYWA MIKHUY', '1207', '103', '0001-01-01', '2025-06-30', 'SIMPLE', '9547-2025.png', '1', '000364', 1, '', 1, '0000-00-00', '0000-00-00'),
(508, '9781-2025', 1137, 45, 'BOTICAS BIOSFARMA', '1208', '105', '0001-01-01', '2025-07-03', 'LUMINOSO', '9781-2025.png', '1', '000365', 1, '', 1, '0000-00-00', '0000-00-00'),
(509, '9962-2025', 1138, 123, 'DYFRE', '1209', '108', '0001-01-01', '2025-07-07', 'LUMINOSO', '9962-2025.png', '1', '000366', 1, '', 1, '0000-00-00', '0000-00-00'),
(510, '10323-2025', 1139, 67, 'CAR WASH EL CUMPA', '1212', '0111', '0001-01-01', '2025-07-11', 'SIMPLE', '10323-2025.png', '1', '000367', 1, '', 1, '0000-00-00', '0000-00-00'),
(511, '10308-2025', 1140, 29, 'NERIDAS HOUSE MINIMARKET', '1210', '0109', '0001-01-01', '2025-07-11', 'LUMINOSO', '10308-2025.png', '1', '000368', 1, '', 1, '0000-00-00', '0000-00-00'),
(512, '10321-2025', 1141, 62, 'FUEGO ARTIFICIAL ESTRELLA POPULAR', '1211', '0110', '0001-01-01', '2025-07-11', 'SIMPLE', '10321-2025.png', '1', '000369', 1, '', 1, '0000-00-00', '0000-00-00'),
(513, '11266-2025', 1142, 30, 'MAC CELULARES', '1214', '0113', '0001-01-01', '2025-07-31', 'LUMINOSO', '11266-2025.png', '1', '000370', 1, '', 1, '0000-00-00', '0000-00-00'),
(514, '11187-2025', 1143, 124, 'ASTROS KIDS', '1213', '0118', '0001-01-01', '2025-07-24', 'SIMPLE', '11187-2025.png', '1', '000371', 1, '', 1, '0000-00-00', '0000-00-00'),
(515, '11722-2025', 1144, 45, 'BOTICA SALUD 365', '1215', '123', '0001-01-01', '2025-08-08', 'LUMINOSO', '11722-2025.png', '1', '000372', 1, '', 1, '0000-00-00', '0000-00-00'),
(516, '11829-2025', 1145, 21, 'BODEGA GOOD FOOD', '1216', '124', '0001-01-01', '2025-08-08', 'SIMPLE', '11829-2025.png', '1', '000373', 1, '', 1, '0000-00-00', '0000-00-00'),
(517, '11913-2025', 1146, 127, 'NEW CHAMPIONS NC', '1217', '125', '0001-01-01', '2025-08-11', 'SIMPLE', '11913-2025.png', '1', '000374', 1, '', 1, '0000-00-00', '0000-00-00'),
(518, '12047-2025', 1147, 42, 'CAR WASH ELY', '1218', '126', '0001-01-01', '2025-08-11', 'LUMINOSO', '12047-2025.png', '1', '000375', 1, '', 1, '0000-00-00', '0000-00-00'),
(519, '12122-2025', 1148, 133, 'KEVINCITO', '1219', '127', '0001-01-01', '2025-08-14', 'SIMPLE', '12122-2025.png', '1', '000376', 1, '', 1, '0000-00-00', '0000-00-00'),
(520, '12208-2025', 1149, 134, 'AGRICOLA PERCY DEL VALLE', '1221', '129', '0001-01-01', '2025-08-14', 'SIMPLE', '12208-2025.png', '1', '000377', 1, '', 1, '0000-00-00', '0000-00-00'),
(521, '12205-2025', 1150, 7, 'FARMACIA FARMA PERU', '1220', '128', '0001-01-01', '2025-08-14', 'LUMINOSO', '12205-2025.png', '1', '000378', 1, '', 1, '0000-00-00', '0000-00-00'),
(522, '12228-2025', 1151, 62, 'ET  LINEA 2 SAC', '1222', '130', '0001-01-01', '2025-08-15', 'SIMPLE', '12228-2025.png', '1', '000379', 1, '', 1, '0000-00-00', '0000-00-00'),
(523, '12236-2025', 1152, 135, 'GALERIAS LAZO', '1223', '131', '0001-01-01', '2025-08-14', 'SIMPLE', '.png', '1', '000380', 1, '', 1, '0000-00-00', '0000-00-00'),
(524, '12281-2025', 1153, 62, 'E.T. SANTA BARBARA S.A.', '1224', '132', '0001-01-01', '2025-08-18', 'LUMINOSO', '12281-2025.png', '1', '000381', 1, '', 1, '0000-00-00', '0000-00-00'),
(525, '12338-2025', 1154, 45, 'BOTICA EMIFARMA', '1225', '134', '0001-01-01', '2025-08-18', 'LUMINOSO', '12338-2025.png', '1', '000382', 1, '', 1, '0000-00-00', '0000-00-00'),
(526, '12391-2025', 1155, 1, 'CONSORCIO CHUPACA', '1226', '135', '0001-01-01', '2025-08-18', 'SIMPLE', '12391-2025.png', '1', '000383', 1, '', 1, '0000-00-00', '0000-00-00');

-- --------------------------------------------------------

--
-- Estructura de tabla para la tabla `tienda`
--

CREATE TABLE `tienda` (
  `idtienda` int(11) NOT NULL,
  `numruc` varchar(11) NOT NULL,
  -- Nuevo campo DNI para personas naturales (8 dígitos). Opcional.
  `dni` varchar(8) DEFAULT NULL,
  `nombres_per` varchar(80) NOT NULL,
  `apellidop_per` varchar(90) NOT NULL,
  `apellidom_per` varchar(90) NOT NULL,
  `ubic_tienda` varchar(150) NOT NULL,
  `area_tienda` varchar(40) NOT NULL,
  `celular` varchar(9) DEFAULT NULL,
  `id_zona` int(11) DEFAULT NULL,
  `latitud` varchar(50) DEFAULT NULL,
  `longitud` varchar(50) DEFAULT NULL
) ENGINE=InnoDB DEFAULT CHARSET=utf8 COLLATE=utf8_spanish_ci;

--
-- Volcado de datos para la tabla `tienda`
--

INSERT INTO `tienda` (`idtienda`, `numruc`, `nombres_per`, `apellidop_per`, `apellidom_per`, `ubic_tienda`, `area_tienda`, `celular`, `id_zona`, `latitud`, `longitud`) VALUES
(7, '10430164029', 'Ronaldo', 'Perez', 'De la Cruz', '24 de junio', '245 m2', '987456123', 35, NULL, NULL),
(16, '11111111111', 'Jose', 'Lopez', 'Aguilar', 'Andrea Arauco', '254 m2', '987456123', 2, NULL, NULL),
(17, '22222222222', 'Raul', 'Rodriguez', 'Cajas', 'Bartolome', '564 m2', '965235239', 3, NULL, NULL),
(18, '0000000000', 'FELIPA', 'CARDENAS', 'LUIS', 'JR.ANTONIO MARRO S/N', '70 M2', '955804447', 8, NULL, NULL),
(19, '0000', 'CAROL', 'BRAÑES', 'OSORES', 'JR.DEMETRIO MARAVI N°201', 'BODEGA', '989213169', 1, NULL, NULL),
(20, '0000', 'CLORINDA', 'TACZA', 'MEDINA', 'JR.DEMETRIO MARAVI S/N', '70M2', '910891935', 1, NULL, NULL),
(21, '0000', 'MERI', 'VILLENA', 'LAZARO', 'LOS HEROES N° 234', '65 M2', '945086845', 1, NULL, NULL),
(22, '0000', 'GREGORIA', 'CASO', 'HUAYRE', 'JR.ANTONIO MARRO S/N', '70 M2', '959929276', 1, NULL, NULL),
(23, '0000', 'ELSA CANDELARIA', 'ROMANI', 'CONTRERAS', 'JR.ANTONIO MARRO  N°179', '65 M2', '901083755', 1, NULL, NULL),
(24, '0000', 'JOSE', 'NIETO', 'QUIÑONEZ', 'JR.ANTONIO MARRO S/N', '60 M2', '972303384', 8, NULL, NULL),
(25, '0000', 'ELIZABETH', 'YULICANCHAYA', 'BASTIDAS', 'JR.ANTONIO MARRO S/N', '60 M2', '934388405', 8, NULL, NULL),
(26, '0000', 'DEYSI', 'ORIHUELA', 'ARTICA', 'JR.MARICAL GAMARRA 2C', '90 M2', '977260464', 12, NULL, NULL),
(27, '0000', 'HERMELINDA', 'CASTILLO', 'VILCHEZ', 'JR.PEDRO ALIAGA N°518', '85M2', '984324200', 19, NULL, NULL),
(28, '0000', 'JUAN', 'ALIGA', 'PEREZ', 'AV. ECHENIQUE S/N', '95 M2', '969895594', 10, NULL, NULL),
(29, '0000', 'ANTONIA', 'QUISPE', 'DEL SOLAR', 'PASAJE PETRONA DAVILA N°194', '90M2', '912192562', 12, NULL, NULL),
(30, '0000', 'FABIOLA ROSANI', 'ALCANTARA', 'RAFFO', 'JR.SAN MARTIN Y ANTONIO RAYMONDI', '70M2', '993444385', 22, NULL, NULL),
(31, '0000', 'ESTER', 'LAZO', 'CHACHICO', 'JR.ECHENIQUE N°299', '90M2', '978032330', 10, NULL, NULL),
(32, '0000', 'EDITH', 'LAZARO', 'LAZO', 'JR.PEDRO ALIAGA N°624', '60M2', '975897141', 19, NULL, NULL),
(33, '0000', 'MARICRUZ', 'MONTES', 'SILVA', 'JR.ECHENIQUE N°425', '70M2', '900014900', 10, NULL, NULL),
(34, '0000', 'FRANK ERICKSON', 'BENITO', 'GARCIA', 'JR.PETRONA APOLAYA N°598', '120M2', '993083630', 10, NULL, NULL),
(35, '0000', 'TEOFILA', 'HUAMAN', 'CANCHUMANI', 'JR.ANTONIO RAYMONDI N°435', '70M2', '953862806', 20, NULL, NULL),
(36, '0000', 'ERNESTO', 'CHUQUILLANQUI', 'FLORES', 'PASAJE ESTEBAN VILLANUEVA S/N', '50M2', '944533161', 8, NULL, NULL),
(37, '0000', 'ELSA', 'CAJACHAHUA', 'ROMANI', 'PASAJE CORONEL ALIAGA N°276', '60M2', '985552532', 19, NULL, NULL),
(38, '0000', 'ROSA', 'CIFUENTES', 'LAZARO', 'AV.CIRCUNVALACION N°1297', '80M2', '978591970', 7, NULL, NULL),
(39, '0000', 'ELENA', 'GOMEZ', 'QUISPE', 'JR.SAN MARTIN S/N', '50M2', '971730242', 22, NULL, NULL),
(40, '0000', 'JOSEFINA', 'QUISPE', 'GOMEZ', 'JR.ANTONIO MARRO N°994', '70 M2', '969316355', 8, NULL, NULL),
(41, '0000', 'WILFREDO', 'CCENTE', 'PARIONA', 'JR.PETRONA APOLAYA S/N', '60 M2', '938747840', 10, NULL, NULL),
(42, '0000', 'LUCERO', 'ALIAGA', 'QUISPEALA', 'JR.ROSA PEREZ S/N', '50M2', '993537968', 13, NULL, NULL),
(43, '0000', 'LUIS', 'CARHUAMACA', 'RODRIGUEZ', 'JR.ROSA PEREZ N°481', '80M2', '917402108', 13, NULL, NULL),
(44, '0000', 'ROSA', 'CIFUENTES', 'LAZARO', 'JR.ANTONIO MARRO N°1297', '80M2', '978591970', 8, NULL, NULL),
(45, '0000', 'ROCIO', 'RUIZ', 'VILCHEZ', 'JR.RAIMONDI', '70M2', '945004489', 20, NULL, NULL),
(46, '0000', 'MARISOL', 'GARCIA', 'MARAVI', 'JR.RAIMONDI S/N', '70M2', '932241980', 20, NULL, NULL),
(47, '0000', 'CRISTIAN', 'TAPIA', 'DE LA CRUZ', 'JR.RAIMONDI S/N', '70M2', '935525621', 20, NULL, NULL),
(48, '0000', 'DIEGO', 'TRAVERSO', 'ROJAS', 'JR.PEDRO ALIAGA N°780', '60M2', '971312637', 19, NULL, NULL),
(49, '0000', 'NICOLASA', 'CUEVA', 'AMES', 'JR.SAN MARTIN N°800', '90M2', '949675953', 22, NULL, NULL),
(50, '0000', 'LUCIA', 'ARTICA', 'MEDINA', 'AV.CIRCUNVALACION N°1344', '70M2', '982248339', 7, NULL, NULL),
(51, '0000', 'AURA', 'ORDOLLA', 'VALVERDE', 'JR.SAN MARTIN S/N', '90M2', '940394577', 22, NULL, NULL),
(52, '0000', 'LAURA', 'ALIAGA', 'BALBIN', 'JR.SANTOS BRAVO S/N', '90M2', '982203873', 21, NULL, NULL),
(53, '0000', 'ANGELICA', 'HUAMAN', 'DEHUACASI', 'JR.SANTO BRAVOS/N', '70M2', '064439141', 21, NULL, NULL),
(54, '0000', 'CRISTIAN', 'TAPIA', 'DE LA CRUZ', 'JR,RAIMONDI N°437', '70M2', '935525621', 20, NULL, NULL),
(55, '10204339746', 'CASILDA CLEFE', 'QUINTO', 'DAMIAN', 'AV.CIRCUNVALACION S/N - CHUPACA', '18 M2', '936106383', 3, NULL, NULL),
(56, '0000', 'GINA', 'CENTENO', 'BUENO', 'JR.ALONSO MERCAKEZ S/N', '70M2', '954032989', 22, NULL, NULL),
(57, '0000', 'EDUARDO', 'OROSCO', 'AJATA', 'JR.ALONSO MERCAKEZ N°872', '70M2', '948553342', 22, NULL, NULL),
(58, '0000', 'SILVIA', 'RODRIGUEZ', 'MELGAR', 'JR.ALONSO MERCADILLO 800', '90M2', '949640546', 24, NULL, NULL),
(59, '0000', 'ADRIANA', 'VILLANUEVA', 'QUISPE', 'JR.SAN MARTIN N°628', '70M2', '948979803', 22, NULL, NULL),
(60, '0000', 'MARIO MARCOS', 'LAZO', 'ORIHUELA', 'JR.SAN MARTIN N°628', '70M2', '964069912', 22, NULL, NULL),
(61, '0000', 'SONIA', 'GUTARRA', 'PACHECO', 'JR.SAN MARTIN Y ALONSO MERCADILLO N°789', '80M2', '976565632', 24, NULL, NULL),
(62, '0000', 'ROSILDA ADRIANA', 'QUINTO', 'DAMIAN', 'JR.ALFONSO MERCADILLO N°718', '60M2', '955804447', 24, NULL, NULL),
(63, '0000', 'DONATO', 'RICSE', 'CUBA', 'JR,ANTONIO MARRO S/N', '70M2', '972791661', 8, NULL, NULL),
(64, '0000', 'RONALD', 'MACHA', 'RAIS', 'JR.ALONSO MERCADILLO 601', '80M2', '954811941', 24, NULL, NULL),
(65, '0000', 'FLORINDA', 'REYES', 'ORIHUELA', 'JR.PEDRO ALIAGA N°601', '90M2', '996854394', 19, NULL, NULL),
(66, '0000', 'TABITA', 'QUISPEACAYA', 'CERRON', 'JR.PEDRO ALIAGA S/N', '90M2', '963866760', 19, NULL, NULL),
(67, '0000', 'MARLENY', 'GRANADOS', 'HINOSTROZA', 'JR.RUFINO ECHENIQUE S/N', '70M2', '986307220', 10, NULL, NULL),
(68, '0000', 'MARIBEL', 'LAPA', 'MUEDAS', 'JR.RUFINO ECHENIQUE N°194', '90M2', '940985468', 10, NULL, NULL),
(69, '0000', 'IRAIDA DINA', 'CASAS', 'FLAVES', 'JR.SAN MARTIN S/N', '70M2', '918357071', 22, NULL, NULL),
(70, '0000', 'KELIN', 'BALTAZAR', 'BASTIDAS', 'JR.PEDRO ALIAGA N°402', '70M2', '976770045', 22, NULL, NULL),
(71, '0000', 'MARCELA', 'CURI', 'MITMA', 'JR.ECHENIQUE 459', '70M2', '955343921', 10, NULL, NULL),
(72, '0000', 'ROMUCO', 'PARIONA', 'ORDAYA', 'JR.ECHENIQUE 495', '90M2', '985196710', 10, NULL, NULL),
(73, '0000', 'KATERIN', 'QUISPE', 'HUAMAN', 'JR.ECHENIQUE N°602', '70M2', '979516281', 10, NULL, NULL),
(74, '0000', 'KELIN', 'BALTAZAR', 'BASTIDAS', 'JR.PEDRO ALIAGA 602', '80M2', '976770045', 19, NULL, NULL),
(75, '0000', 'INEZ', 'CASTILLO', 'GIMENEZ', 'MARIA MIRANDA S/N', '65M2', '988847110', 16, NULL, NULL),
(76, '10422858942', 'DIANA ISABEL', 'MAURICIO', 'CHUQUILLANQUI', 'AV. MARIA MIRANDA N°1361 - CHUPACA', '30 M2', '934320891', 6, NULL, NULL),
(77, '0000', 'FREDY', 'PEREZ', 'YAURI', 'MARIA MIRANDA N°1361', '90M2', '964891833', 16, NULL, NULL),
(78, '0000', 'CLARISA', 'POMALAYA', 'CASAS', 'MARIA MIRANDA S/N', '70M2', '999521055', 16, NULL, NULL),
(79, '0000', 'OBDULIA', 'MONTERO', 'GAVILAN', 'JR.MARIA MIRANDA S/N', '90M2', '955413857', 16, NULL, NULL),
(80, '0000', 'MAXIMO VALERIANO', 'LAZO', 'ACMAS', 'JR.MARIA MIRANDA S/N', '70M2', '928381868', 16, NULL, NULL),
(81, '0000', 'ROSMERI ELIZABETH', 'CARDENAS', 'IBARRA', 'JR.MARIA MIRANDA S/N', '70M2', '934480666', 16, NULL, NULL),
(82, '0000', 'RAUL EDGAR', 'HINALAYA', 'INGA', 'JR.MARIA MIRANDA S/N', '70M2', '960812408', 16, NULL, NULL),
(83, '0000', 'EDITH', 'HURTADO', 'GAVILAN', 'JR.MARIA MIRANDA S/N', '702M2', '938335635', 16, NULL, NULL),
(84, '0000', 'JUAN', 'CENTENO', 'POMALAYA', 'JR.MARIA MIRANDA', '70M2', '912525736', 16, NULL, NULL),
(85, '0000', 'ALEXANDER', 'QUISPEALAYA', 'ORDOÑEZ', 'CIRCUNVALACION Y MARISCAL GAMARRA', '65M2', '964648742', 7, NULL, NULL),
(86, '0000', 'MIGUEL', 'VICENTE', 'LAZO', 'AV.CIRCUNVALACION #220', '80M2', '964877209', 7, NULL, NULL),
(87, '0000', 'AURELIO', 'QUISPE', 'CARHUALLANQUI', 'JR.BARTOLOME GUERRA N°640', '70M2', '961726155', 3, NULL, NULL),
(88, '0000', 'EVELUN', 'QUISPEALAYA', 'HUAYRA', 'JR.BARTOLOME GUERRA N°600', '70M2', '985725162', 3, NULL, NULL),
(89, '0000', 'MARICRUZ', 'FLORES', 'ATAY', 'JR.SAN MARTIN N°618', '90M2', '956896925', 22, NULL, NULL),
(90, '0000', 'MARICRUZ', 'FLORES', 'DAVILA', 'JR.SAN MARTIN N°618', '70M2', '923369214', 22, NULL, NULL),
(91, '0000', 'CARMEN ROSA', 'DE LA CRUZ', 'ROJAS', 'JR.SAN MARTIN S/N', '70M2', '928369214', 22, NULL, NULL),
(93, '0000', 'ANA', 'QUISPE', 'JULCARIMA', 'JR.DAMASO CABALLERO S/N', '70M2', '944475295', 12, NULL, NULL),
(94, '0000', 'MARIA', 'QUISPE', 'CAMAYO', 'JR.DAMASO CABALLERO N°457', '80M2', '064253250', 12, NULL, NULL),
(95, '0000', 'HERMELINDA', 'CASTILLO', 'ORIHUELA', 'JR.PEDRO ALIAGA N°518', '70M2', '947475181', 19, NULL, NULL),
(96, '0000', 'FLOR OFELIA', 'QUISPE', 'CASTILLO', 'JR.SAN MARTIN CARMEN ALTO S/N', '50M2', '96088914', 22, NULL, NULL),
(97, '0000', 'ORSALIA', 'CARILLO', 'HUAMAN', 'JR.MARISCAL GAMARRA S/N', '70M2', '929095231', 12, NULL, NULL),
(98, '0000', 'ANA', 'FRETELL', 'MORENO', 'JR.MARISCAL GAMARRA N°550', '65M2', '934177286', 12, NULL, NULL),
(99, '0000', 'MARCELINO', 'ORDAYA', 'GUERRERO', 'JR.SAN MARTIN N°236 CUADRA 3', '50M2', '998714644', 22, NULL, NULL),
(100, '0000', 'MARCO', 'PEREZ', 'TAYPE', 'JR.SAN MARTIN S/N', '50M2', '936131678', 22, NULL, NULL),
(101, '0000', 'KETY', 'GAVINO', 'ALIAGA', 'JR.DEMETRIO MARAVI S/N', '50M2', '998785258', 8, NULL, NULL),
(102, '0000', 'VILMA', 'CANCHUMAYA', 'ORDONEZ', 'AV.CIRCUNVALACION S/N', '60M2', '940378014', 7, NULL, NULL),
(103, '0000', 'JUAN ZENON', 'SANTOS', 'CHANCAZANAMPA', 'AV.CIRCUNVALACION Y CORONEL GAMARRA', '90M2', '979199135', 7, NULL, NULL),
(104, '0000', 'GEANELLA', 'ORDOÑEZ', 'ROJAS', 'AV.CIRCUNVALACION 528', '60M2', '987584698', 7, NULL, NULL),
(105, '0000', 'AMELTON JUAN', 'REQUENA', 'SALVADOR', 'AV.CIRCUNVALACION S/N', '50M2', '951518785', 7, NULL, NULL),
(106, '0000000', 'Mario', 'Astocuci', 'Pineda', 'Av los heroes 230- Chupaca', 'Sastrería', '934467868', 13, NULL, NULL),
(107, '77202904', 'Maritza', 'Espejo', 'Cuadrado', 'Av los heroes S/N', 'Venta de Ropa', '950033838', 13, NULL, NULL),
(108, '0000000', 'Vidrieria', 'Peña', 'Loza', 'Av los heroes 301', 'Vidrieria', '964507000', 13, NULL, NULL),
(109, '10441436250', 'Eloi', 'Palacios', 'Arana', 'Av los Héroes S/N', 'Venta de Productos de Limpieza', '964257314', 13, NULL, NULL),
(110, '0000000', 'Angel', 'Andares', 'P', 'Av Los Héroes 331', 'Consultorio de Abogados', '983142335', 13, NULL, NULL),
(111, '0000000', 'Jhoel', 'Boza', 'Loza', 'Av Los Héroes 313', 'Peluquería', '975099194', 13, NULL, NULL),
(112, '19911779', 'Lidia', 'Palacios', 'Cerron', 'Av Los Héroes 349', 'Librería', '951037714', 13, NULL, NULL),
(113, '40107164', 'Sonia', 'Verastegui', 'Lopez', 'Av Los Héroes 253', 'Bazar', '940001610', 13, NULL, NULL),
(114, '74222751', 'Marco', 'Velazques', 'Solis', 'Av Los Héroes 353', 'Encomiendas', '940578274', 13, NULL, NULL),
(115, '19873964', 'Liliana', 'Morales', 'Rojas', 'Av Los Heroes 357', 'Venta de ropa', '947382345', 13, NULL, NULL),
(116, '19873964', 'Liliana', 'Morales', 'Rojas', 'Av Los Heroes 357', 'Venta de ropa', '947382345', 13, NULL, NULL),
(117, '19901210', 'Nohemi', 'Galvan', 'Ponce', 'Av Los Héroes 101', 'Peluqueria', '983499976', 13, NULL, NULL),
(118, '19901210', 'Nohemi', 'Galvan', 'Ponce', 'Av Los Héroes 101', 'Peluqueria', '983499976', 13, NULL, NULL),
(119, '41849233', 'Yesenia', 'Huaroc', 'De la cruz', 'Av Los Heroes 133', 'Piñateria', '936955117', 13, NULL, NULL),
(120, '10767419738', 'Jeferson', 'Aliaga', 'Damian', 'Av Los Heroes 131', 'Venta de ropa', '982853884', 13, NULL, NULL),
(121, '10767419738', 'Jeferson', 'Aliaga', 'Damian', 'Av Los Heroes 131', 'Venta de ropa', '982853884', 13, NULL, NULL),
(122, '10189018103', 'Antonio', 'Villaverde', 'Cerron', 'Av Los Heroes 183', 'Farmacea', '928232340', 13, NULL, NULL),
(123, '80467355', 'Rosario', 'Mendoza', 'Velazques', 'Av Los Heroes 189', 'Ferreteria', '993180134', 8, NULL, NULL),
(124, '10419788151', 'Janet', 'Fernandez', 'Hidalgo', 'Av Los Heroes 197', 'Farmacia', '965998674', 13, NULL, NULL),
(125, '104997104', 'Alejandro', 'Alvarez', 'Solano', 'Av Los Heroes 197', 'Agropecuaria', '900460180', 13, NULL, NULL),
(126, '10736581402', 'Melisa', 'Orihuela', 'De la cruz', 'Av Los Heroes 201', 'Farmacia', '993906140', 13, NULL, NULL),
(127, '10701394149', 'Dulcinea', 'Villaverde', 'Untiveros', 'Av Los Heroes 203', 'Farmacia', '930906171', 13, NULL, NULL),
(128, '000000', 'Emiliano', 'Usari', 'Burja', 'Av Los Heroes 192', 'Barberia', '924272737', 13, NULL, NULL),
(129, '000000', 'Emiliano', 'Usari', 'Burja', 'Av Los Heroes 192', 'Barberia', '924272737', 13, NULL, NULL),
(130, '000000', 'Minimarket', 'D', 'GG', 'Jr Mariscal Gamarra 236', 'Minimarket', '977260464', 12, NULL, NULL),
(131, '10430174130', 'Yanela', 'Inga', 'Armas', 'Jr Coronel Guerra S/N', 'Bodega', '0000000', 12, NULL, NULL),
(132, '00000000', 'Italo', 'Condezo', 'Cardenas', 'Jr Coronel Guerra 499', 'Bodega', '000000000', 12, NULL, NULL),
(133, '00000000', 'Consultorio', 'La', 'Luz', 'Jr Alonso Mercadillo 718', 'Consultorio', '964317733', 12, NULL, NULL),
(134, '10200449270', 'Rosilda', 'Quinto', 'Damian', 'Jr Alonso Mercadillo 719', 'Farmacia', '947179679', 12, NULL, NULL),
(135, '00000000', 'El', 'Giganton', 'uno', 'Jr Antonio Marre 430', 'Restaurante', '958386269', 12, NULL, NULL),
(136, '00000000', 'Farma', 'To', 'Do', 'Jr Damasco Caballero', 'Farmacia', '944475795', 12, NULL, NULL),
(137, '46600799', 'Mariluz', 'Ordoñez', 'Inga', 'Jr Coronel Pedro Aliaga 392', 'Venta de ropa', '992443810', 12, NULL, NULL),
(138, '2060943864', 'A', 'A', 'Luchito', 'Jr Petrona Apolaya 246', 'Mayorita de Abarrotes', '950850560', 13, NULL, NULL),
(139, '42219381', 'Roci', 'Mendoza', 'Sauri', 'Jr Ba rtolome Guerra', 'Venta de Productos de Limpieza', '936553490', 12, NULL, NULL),
(140, '000000', 'El', 'Eden', 'uno', 'Jr Petrona Apolaya 337', 'Restaurante', '996796320', 12, NULL, NULL),
(141, '20209527929', 'Centro Comercial', 'Cordova', 'E.I.R.L', 'Jr Petrona Apolaya 349', 'Centro comercial', '951482154', 12, NULL, NULL),
(142, '0000000', 'Paulino', 'Condor', 'Vara', 'Jr Petrona Aolaya 365', 'Veterinaria', '958389064', 12, NULL, NULL),
(143, '10752765575', 'Alfredo ANGEL', 'Mendoza', 'Capcha', 'Jr Petrona Apolaya 452', 'Lavanderia', '946691340', 3, NULL, NULL),
(144, '73080001', 'Lizeth', 'Aquino', 'Inoar', 'Jr Petrona Apolaya 430', 'Veterinaria', '986993556', 12, NULL, NULL),
(145, '20609511797', 'Inversiones', 'Generales', 'RNN y ROD', 'Jr Petrona Apolaya 426', 'Casa de Apuestas', '994568246', 3, NULL, NULL),
(146, '10721233231', 'Brigida', 'Aliaga', 'Antialon', 'Jr Petrona Apolaya 408', 'Plastiqueria', '973802015', 12, NULL, NULL),
(147, '10484195213', 'Luis', 'Serva', 'Casalle', 'Jr Petrona Apolaya 413', 'Veterinaria', '955606263', 12, NULL, NULL),
(148, '00000000', 'Mayra', 'Huayla', 'Atencio', 'Jr Petrona Apolaya 414', 'Agropecuaria', '964589334', 12, NULL, NULL),
(149, '000000000', 'Gabriela', 'Verastegui', 'C', 'Av Los Heroes 510', 'Venta de Ropa', '963842438', 13, NULL, NULL),
(150, '1040153890', 'Roy', 'Torres', 'Osores', 'Av Los Heroes 200', 'Venta de electrodomesticos', '954086161', 13, NULL, NULL),
(151, '0000000', 'Servicio', 'Tecnico', 'Jarumi', 'Av Los Heroes 119', 'Venta de accesorios de Celular', '914928426', 13, NULL, NULL),
(152, '000000', 'BROSTERIA', 'A', 'C', 'Av Los Heroes 114', 'Brosteria', '977982672', 13, NULL, NULL),
(153, '000000', 'Ferreteria', 'Charito', 'SAC', 'Av Los Heroes 110', 'Ferreteria', '995120134', 12, NULL, NULL),
(154, '10007426870', 'Lourdes', 'Aliaga', 'Alejo', 'Av Los Heroes  146', 'Ferreteria', '964403540', 13, NULL, NULL),
(155, '0000000', 'Libreria', 'Samy', '.', 'Av Los Heroes 137', 'Libreria', '900347585', 13, NULL, NULL),
(156, '000000000', 'Chany', '.', '.', 'Av Los Heroes 136', 'Ferreteria', '956372374', 13, NULL, NULL),
(157, '00000000', 'Denys', 'Aliaga', 'Inga', 'Av Los Heroes 135', 'Venta de Ropa', '938465729', 13, NULL, NULL),
(158, '10090633789', 'Betty', 'Sedano', 'Orrego', 'Av Los Heroes 102', 'Farmacia', '947140283', 12, NULL, NULL),
(159, '74168986', 'Cristian', 'Serva', 'Damian', 'Av Los Heroes 422', 'Internet', '992216067', 13, NULL, NULL),
(160, '10424597428', 'Juan', 'Becerra', 'Perez', 'Av Los Heroes 423', 'Internet', '964436409', 13, NULL, NULL),
(161, '20044585', 'Jesus', 'Aliaga', 'Peña', 'Av Los Heroes 464', 'Ferreteria', '954587260', 13, NULL, NULL),
(162, '20044585', 'Jesus', 'Aliaga', 'Peña', 'Av Los Heroes 464', 'Ferreteria', '954587260', 13, NULL, NULL),
(163, '20109821', 'Samuel', 'Peñaloza', 'Atamina', 'Av Los Heroes 328', 'Vidrieria', '964507000', 12, NULL, NULL),
(164, '10422340021', 'Paul', 'Orellana', 'Huacho', 'Av Los Heroes 300', 'Farmacia', '923190987', 13, NULL, NULL),
(165, '20608148222', 'Emprendex', 'EIRL', '.', 'Av Los Heroes 274', 'Minisur', '982659690', 13, NULL, NULL),
(166, '10200622184', 'Rolando', 'Inga', 'Salvatierra', 'Av. 24 junio', '--', '980484350', 35, NULL, NULL),
(167, '10716463244', 'gilberto', 'marcañaupa', 'ochoa', 'Jr.bruno terreros', '25', '913379955', 35, NULL, NULL),
(168, '10435981349', 'Erika', 'Arauco', 'Balbín', 'jr. bruno terreros s/n', '20', '964745149', 35, NULL, NULL),
(169, '10435992043', 'LIZ MARGOT', 'ESPINOZA', 'MALPARTIDA', 'jr. bruno terreros', '24', '973214327', 4, NULL, NULL),
(170, '10734651783', 'IDELVINA', 'CANGAHUALA', 'GUERRA', 'JR. BRUNO TERREROS Nº427', '20', '000000000', 4, NULL, NULL),
(171, '40267711', 'DAVID AMERICO', 'LEYVA', 'MEDINA', 'JR. BRNO TERREROS S/N', '20', '925075422', 4, NULL, NULL),
(172, '10644771825', 'AMGELA EDITH', 'GOMEZ', 'SILVA', 'JR. BRUNO TERREROS Nº472', '15', '000000000', 4, NULL, NULL),
(173, '40278404', 'DIANA', 'PERES', 'CHOQUE', 'JR BRUNO TERREROS', '10', '911445621', 4, NULL, NULL),
(174, '22463587', 'DIEGO', 'BLAZ', 'CACERES', 'BRUNO TERREROS Nº44', '5', '918214492', 4, NULL, NULL),
(175, '21477782', 'DIANA', 'ARQUINERA', 'TISA', 'JR. BRUNO TERREROS Nº511', '5', '952346342', 4, NULL, NULL),
(176, '10463302401', 'OLGA', 'VULCANI', 'ROJAS', 'JR. BRUNO TERREROS Nº443º', '5', '970482344', 4, NULL, NULL),
(177, '121440865', 'YUCA SAC', 'AGRO', 'VIRGEN', 'JR. ECHENIQUE', '15', '923333334', 35, NULL, NULL),
(178, '41001455', 'RUBEN', 'CHANCA', 'PEÑA', 'JR BRUNO TERREROS', '6', '964443135', 35, NULL, NULL),
(179, '44936131', 'SHEYLA KATERINE', 'ORIHUELA', 'VILCHEZ', 'JR. BRUNO TERREROS', '6', '934349394', 35, NULL, NULL),
(180, '20060798', 'ROMAN', 'TITO', 'MERCADO', 'JR. BRUNO TERREROS', '45', '982141402', 35, NULL, NULL),
(181, '76144928', 'ELIDA LUZMILA', 'HUAYTA', 'HINOJOSA', 'JR. ALONSO MERCADILLO', '12', '930516663', 33, NULL, NULL),
(182, '20007040', 'ARTURO', 'RIVERA', 'ORIHUELA', 'AV. ANDRES AVELINO CASERES', '15', '915068930', 34, NULL, NULL),
(183, '48211183', 'katty', 'yalli', 'ñahui', 'jr. Alonso mercadillo s/n', '15', '979825718', 24, NULL, NULL),
(184, '761449928', 'ELIDA LUZ MILA', 'HUAYTA', 'HINOJOSA', 'JR. ALONSO MERCADILLO', '12', '', 24, NULL, NULL),
(185, '10440188058', 'LUZ YADIRA', 'GUERRERO', 'SANTANA', 'JR. ALONSO MERCADILLO', '12', '998988692', 24, NULL, NULL),
(186, '10406319798', 'LUCY', 'PEÑA', 'CAMAYO', 'JR. ALONSO MERCADILLO Nº376', '12', '', 24, NULL, NULL),
(187, '10406319798', 'LUCY', 'PEÑA', 'CAMAYO', 'JR. ALONSO MERCADILLO Nº376', '12', '', 24, NULL, NULL),
(188, '10406319798', 'LUCY', 'PEÑA', 'CAMAYO', 'JR. ALONSO MERCADILLO Nº376', '12', '', 24, NULL, NULL),
(189, '10406319798', 'LUCY', 'PEÑA', 'CAMAYO', 'JR. ALONSO MERCADILLO Nº376', '12', '', 24, NULL, NULL),
(190, '10406319798', 'LUCY', 'PEÑA', 'CAMAYO', 'JR. ALONSO MERCADILLO Nº376', '12', '', 24, NULL, NULL),
(191, '10406319798', 'LUCY', 'PEÑA', 'CAMAYO', 'JR. ALONSO MERCADILLO Nº376', '12', '', 24, NULL, NULL),
(192, '10431122800', 'PATRICIA ELENA', 'DE LA CRUZ', 'PARCO', 'JR. ALONSO MERCADILLO', '11', '947440906', 24, NULL, NULL),
(193, '20660814822', 'EMPRENDE', 'E.I.R.L', '.', 'JR. ALONSO MERCADILLO Nº334º', '12', '982659690', 24, NULL, NULL),
(194, '71213315', 'KATERIN EVELYN', 'ESTEBAN', 'CHOQUE', 'JR. ALONSO MERCADILLO', '12', '980602287', 24, NULL, NULL),
(195, '19906419', 'MARGARITA', 'QUIÑONES', 'TAPIA', 'JR. ALONSO MERCADILLO', '14', '937122098', 24, NULL, NULL),
(196, '10443290759', 'VICTOR', 'LADERA', 'CHANCAN', 'JR BRUNO TERREROS Nº480', '20', '', 35, NULL, NULL),
(197, '75557091', 'LIZET MONICA', 'POMA', 'JACOB', 'JR. BRUNO TERREROS S/N', '12', '963214445', 35, NULL, NULL),
(198, '46602576', 'MARIA SOLEDAD', 'SALAZAR', 'BARRETO', 'JR. BRUNO TERREROS', '14', '957026443', 35, NULL, NULL),
(199, '10761735409', 'FLOR DELIZ', 'CCENTE', 'VILCAPOMA', 'JR. BRUNO TERREROS', '21', '940573338', 35, NULL, NULL),
(200, '75524846', 'MARLENY', 'ROJAS', 'SHICAHUA', 'JR. BRUNO TERREROS', '12', '979014267', 35, NULL, NULL),
(201, '76969256', 'ALFREDO', 'MENDOZA', 'CAPCHA', 'JR. PETRONA APOLAYA Nº450', '41', '95940841', 25, NULL, NULL),
(202, '472864999', 'YOVANA', 'PONCE', 'BRAVO', 'JR. DAMASO CABALLERO Nº273', '21', '932366004', 31, NULL, NULL),
(203, '42089821', 'FERNANDO ROLANDO', 'CHACA', 'SANCHEZ', 'JR. DAMASO CABALLERI Nº249', '41', '959438494', 31, NULL, NULL),
(204, '20081718', 'BRIGIDA', 'BALLASCO', 'URIBE', 'JR. PETRONA APOLAYA Nº397', '20', '977319699', 25, NULL, NULL),
(205, '56899183', 'NAYVET TANIA', 'QUISPE', 'QUIÑONES', 'JR. PETRONA APOLAYA Nº341', '1', '968017634', 25, NULL, NULL),
(206, '19902923', 'ANDRE', 'SOTO', 'VILLENA', 'JR. PETRONA APOLAYA Nº359', '20', '942627044', 31, NULL, NULL),
(207, '448517689', 'TERESA', 'VERA', 'CERRON', 'JR. PETRONA APOLAYA 3 CUADRA', '1', '960485628', 25, NULL, NULL),
(208, '40662525', 'TAIRET', 'BRAVO', 'RIVEROS', 'JR. PETRONA APOLAYA Nº356', '2', '997465721', 25, NULL, NULL),
(209, '41683027', 'CELINDA', 'MUCHA', 'VILCHEZ', 'PSJ. LURDES Nº147', '1', '938246482', 18, NULL, NULL),
(210, '73662499', 'FIORELA', 'GOMEZ', 'ESPIRITU', 'AV. ANDRES AVELINO CACERES', '4', '946912829', 1, NULL, NULL),
(211, '19903283', 'JUSTINA', 'PEREZ', 'MELGAR', 'AV. ANDRES AVELINO CACERES', '5', '064624131', 1, NULL, NULL),
(212, '41284697', 'NATALTY', 'CASTILLO', 'ARCOS', 'AV. ANDRES AVELINO CACERES', '6', '973678549', 1, NULL, NULL),
(213, '20103073', 'CELIA', 'QUISPE', 'CASTILLO', 'AV. ANDRES AVELINO CACERES', '6', '980306500', 1, NULL, NULL),
(214, '20091440', 'ADELA', 'OREJON', 'DE HUAYNALAYA', 'AV. ANDRES AVELINO CACERES', '5', '9925390', 1, NULL, NULL),
(215, '20091440', 'ADELA', 'OREJON', 'DE HUAYNALAYA', 'AV. ANDRES AVELINO CACERES', '5', '9925390', 1, NULL, NULL),
(216, '41695713', 'TERESA', 'ALANYA', 'MATAMOROS', 'AV. ANDRES AVELINO CACERES', '4', '989960373', 1, NULL, NULL),
(217, '00000000000', 'RUTH', 'CARDENAS', 'PEINADO', 'AV. ANDRES AVELINO CACERES', '8', '951129347', 1, NULL, NULL),
(218, '000000', 'RAFAEL', 'ALBERTO', 'RUIZ', 'AV. ANDRES AVELINO CACERES', '4', '955660081', 1, NULL, NULL),
(219, '000000', 'MARIA', 'ORILLA', 'MELGOR', 'AV. ANDRES AVELINO CACERES', '15', '964004447', 1, NULL, NULL),
(220, '40258347', 'CROBER', 'RAMON', 'TRUJILLO', 'AV. ANDRES AVELINO CACERES', '45', '964795492', 1, NULL, NULL),
(221, '41597781', 'KARINA', 'ROMAN', 'AYLLON', 'JR. CORONEL GUERRA S/N', '12', '942665812', 5, NULL, NULL),
(222, '41597781', 'KARINA', 'ROMAN', 'AYLLON', 'JR. CORONEL GUERRA S/N', '12', '942665812', 5, NULL, NULL),
(223, '41597781', 'KARINA', 'ROMANI', 'AYLLON', 'JR. MIGUEL GRAU Nº205', '12', '954059604', 3, NULL, NULL),
(224, '20072658', 'AMIDEY', 'MANRRIQUE', 'ARROYO', 'JR. MARIA FLORES', '12', '964927859', 2, NULL, NULL),
(225, '73471614', 'ANTONY ESTIBEN', 'RICSE', 'QUISPELAYA', 'JR. BENIGNO DORREGARAY S/N', '6', '931273698', 8, NULL, NULL),
(226, '40056059', 'ROCIO', 'VERASTEGUI', 'QUIÑONES', 'JR. BENIGNO DORREGARAY Nº624', '4', '959725945', 8, NULL, NULL),
(227, '08854154', 'LEONOR', 'SUAZNABER', 'SABEDRA', 'JR. BENIGNO DORREGARAY Nº598', '12', '', 8, NULL, NULL),
(228, '20606078189', 'ANTEZANA', 'CARGO', 'S.A.C', 'JR.BENIGNO DORREGARAY', '5', '', 8, NULL, NULL),
(229, '20606078189', 'ANTEZANA', 'CARGO', 'S.A.C', 'JR.BENIGNO DORREGARAY', '5', '', 8, NULL, NULL),
(230, '20606078189', 'ANTEZANA', 'CARGO', 'S.A.C', 'JR.BENIGNO DORREGARAY', '5', '', 8, NULL, NULL),
(231, '20606078189', 'ANTEZANA', 'CARGO', 'S.A.C', 'JR.BENIGNO DORREGARAY', '5', '', 8, NULL, NULL),
(232, '20606078189', 'ANTEZANA', 'CARGO', 'S.A.C', 'JR.BENIGNO DORREGARAY', '5', '', 8, NULL, NULL),
(233, '20606078189', 'ANTEZANA', 'CARGO', 'S.A.C', 'JR.BENIGNO DORREGARAY', '5', '', 8, NULL, NULL),
(234, '20606078189', 'ANTEZANA', 'CARGO', 'S.A.C', 'JR.BENIGNO DORREGARAY', '5', '', 8, NULL, NULL),
(235, '20606078189', 'ANTEZANA', 'CARGO', 'S.A.C', 'JR.BENIGNO DORREGARAY', '5', '', 8, NULL, NULL),
(236, '20606078189', 'ANTEZANA', 'CARGO', 'S.A.C', 'JR.BENIGNO DORREGARAY', '5', '', 8, NULL, NULL),
(237, '73476683', 'KAREN ESTEFANI', 'ARTEAGA', 'CORDOBA', 'JR. BENIGNO DORREGARAY Nº501', '4', '934477088', 8, NULL, NULL),
(238, '73476683', 'KAREN ESTEFANI', 'ARTEAGA', 'CORDOBA', 'JR. BENIGNO DORREGARAY Nº501', '4', '934477088', 8, NULL, NULL),
(239, '20109816', 'BERONICA', 'LINDO', 'QUISPE', 'JR. BENIGNO DORREGARAY Nº501', '12', '', 6, NULL, NULL),
(240, '47096997', 'ISAIAS FRANSISCO', 'BOCANEGRA', 'DE LA CRUZ', 'JR. BENIGNO DORREGARAY Nº 470', '12', '946246548', 6, NULL, NULL),
(241, '47096997', 'ISAIAS FRANSISCO', 'BOCANEGRA', 'DE LA CRUZ', 'JR. BENIGNO DORREGARAY Nº 470', '12', '946246548', 6, NULL, NULL),
(242, '19971047', 'ALEJANDRO', 'MELISA', 'MAYUMI', 'AV LOS HEROES', '14', '954086171', 8, NULL, NULL),
(243, '71080765', 'SONIA', 'HUAMAN', 'POTOSI', 'JR. BENIGNO DORREGARAY', '12', '946399127', 8, NULL, NULL),
(244, '20048102', 'PERCY', 'CONTRERAS', 'VELLANUEVA', 'JR. BENIGNO DORREGARAY Nº402', '12', '964050731', 8, NULL, NULL),
(245, '70138776', 'IVAN ELMER', 'HERMOZA', 'OCHOA', 'JR. ANDRE ARAUCO Nº189º', '12', '981235577', 5, NULL, NULL),
(246, '20042193', 'LIFENZO', 'LEONIDES', 'CORONEL', 'JR. ANDRE ARAUCO Nº210', '12', '964946443', 5, NULL, NULL),
(247, '440512207', 'FRYDA', 'APUMAYTA', 'DURAN', 'JR.ANDRE ARAUCO S/N', '12', '', 5, NULL, NULL),
(248, '20568728841', 'COMERCIO', 'AGRICOLA', 'GYS SAC', 'JR. BENIGNO DORREGARAYA Nº296', '12', '964925939', 5, NULL, NULL),
(249, '43915888', 'SERGIO', 'CESAR', 'MISARI', 'JR. ANDRE ARAUCO', '12', '964861448', 5, NULL, NULL),
(250, '19900767', 'SANTIAGO', 'NAVARRO', 'DAVILA', 'JR. ANDRE ARAUCO S/N', '12', '', 5, NULL, NULL),
(251, '71480948', 'SILVIA', 'CABALLERO', 'CANTORIN', 'JR. ANDRE ARAUCO S/N', '12', '', 5, NULL, NULL),
(252, '46767434', 'RUTH', 'MACHA', 'URIBE', 'JR. ANDRE ARAUCO', '12', '', 5, NULL, NULL),
(253, '20602190685', 'CELFEN', 'CENTER', 'S.A.C', 'JR. ANDRE ARAUCO Nº117', '12', '932423566', 5, NULL, NULL),
(254, '20608442085', 'CORPORACION', 'KATSUWORK', 'S.A.C', 'JR. ANDRE ARAUCO Nº117', '12', '', 5, NULL, NULL),
(255, '73659775', 'GREYSI', 'MEZA', 'INGA', 'JR. ANDRE ARAUCO Nº', '12', '', 5, NULL, NULL),
(256, '19914647', 'HILDZ', 'INGA', 'GALVAN', 'JR. ANDRE ARAUCO S/N', '', '', 5, NULL, NULL),
(257, '73667529', 'FLOR', 'PEREZ', 'ARAUJO', 'JR. ANDREA ARAUCO Nº166', '12', '', 5, NULL, NULL),
(258, '73667529', 'FLOR', 'PEREZ', 'ARAUJO', 'JR. ANDREA ARAUCO Nº166', '12', '', 5, NULL, NULL),
(259, '20602413935', 'INVERSIONES Y', 'PRESTAMO', 'CRUZ DE MAYO', 'JR. ANDRE ARAUCO Nº408', '12', '986434914', 8, NULL, NULL),
(260, '19900492', 'YOLANDA', 'INGA', 'MARCO', 'JR. ANDRE ARAUCO', '12', '', 7, NULL, NULL),
(261, '19900492', 'YOLANDA', 'INGA', 'MARCO', 'JR. ANDRE ARAUCO', '12', '', 7, NULL, NULL),
(262, '10405295000', 'MARCO ANTONIO', 'MONTERO', 'INGA', 'JR. ANDRE ARAUCO Nº262', '12', '914899423', 8, NULL, NULL),
(263, '10426563491', 'LUZ LILIANA', 'MUCHA', 'RAMOZ', 'JR. ANDRE ARAUCO Nº283', '12', '960948767', 8, NULL, NULL),
(264, '47262421', 'SINTYA', 'ROJAS', 'GONZALO', 'JR. ANDRE ARAUCO Nº298', '12', '960729749', 8, NULL, NULL),
(265, '2060867404', 'AGROUZ', 'S.A.C', 'M', 'JR. MARIA MIRANDA Nº301', '14', '', 8, NULL, NULL),
(266, '10468640738', 'TESSY CORAZON', 'SANCHEZ', 'CARDENAS', 'JR. ANDRE ARAUCO Nº301', '14', '982722546', 9, NULL, NULL),
(267, '10483302401', 'OLGA', 'JULCANI', 'ROJAS', 'JR. ALONSO MERCADILLO', '4', '982639690', 6, NULL, NULL),
(268, '10443778581', 'VELAZQUES NANCY', 'GERSOLLEZ', 'VELAZQUES', 'JR. JOSE MARIA FLORES Nº399', '12', '979200659', 6, NULL, NULL),
(269, '10467241333', 'MOISES DAVID', 'RIVERA', 'CHAVES', 'JR. JOSE MARIA FLORES Nº377', '10', '999333330', 6, NULL, NULL),
(270, '10207181892', 'ALEJANDRA', 'CAMARENA', 'CALDERON', 'JR. JOSE MARIA FLORES Nº331', '10', '102071818', 6, NULL, NULL),
(271, '20986182785', 'TRANSPORTES', 'COMBUSTIBLES', 'YARANGA S.R.L', 'JR. JOSE MARIA FLORES Nº150', '10', '964673073', 6, NULL, NULL),
(272, '46145692', 'TUTH', 'BONIFACIO', 'BERROCAL', 'JR. JOSE MARIA FLOTRES', '10', '935088050', 6, NULL, NULL),
(273, '10428946753', 'NERIDA', 'MARTIN', 'ÑAHUINUPA', 'JR. JOSE MARIA FLORES S/N', '10', '998439297', 6, NULL, NULL),
(274, '10720471005', 'JOSUE DAVID', 'OREÑO', 'QUISPE', 'JR,GRAU Nº204', '10', '921801389', 3, NULL, NULL),
(275, '10198734897', 'TEOFILO', 'JIMENES', 'CHAPANA', 'JR. GRAU Nº208', '10', '989380821', 3, NULL, NULL),
(276, '1048533289', 'LUZ MARIA', 'TAIPE', 'ARCHI', 'JR. GRAU Nº220', '10', '913433318', 3, NULL, NULL),
(277, '1042127500', 'MARIANO', 'LEIVA', 'LEIVA', 'JR. GRAU Nº 224', '10', '955840254', 3, NULL, NULL),
(278, '1042452583', 'BETER', 'PAREDES', 'DE LA CRUZ', 'JR. GRAU Nº246', '10', '937140800', 3, NULL, NULL),
(279, '10478077276', 'EDITH', 'MACHA', 'RUIZ', 'JR. GRAU Nº267', '10', '942499820', 8, NULL, NULL),
(280, '70105583', 'KEYLI', 'CANCHUARICA', 'UCHUYPOMA', 'JR. GRSU S/N', '10', '924422825', 3, NULL, NULL),
(281, '20331066706', 'CCKELA', 'PERU', 'S.A', 'JR. BARTOLOME GUERRA Nº182', '10', '958793305', 3, NULL, NULL),
(282, '10199171145', 'ZACARIAS', 'LAZO', 'OCHOA', 'JR. BARTOLOME OCHOA Nº158', '10', '', 3, NULL, NULL),
(283, '43495766', 'FABIAN', 'ROCIO', 'TORRES', 'JR.BARTOLOME GUERRA Nº118', '10', '987500927', 3, NULL, NULL),
(284, '76516518', 'INVERSIONES', 'LEYDI', 'DIANA', 'JR. BRUNO TERREROS Nº 323', '10', '969345808', 3, NULL, NULL),
(285, '10422950597', 'DEYSI LUZ', 'QUISPE', 'ALARIO', 'JR. BRUNO TERREROS Nº 335', '10', '104229505', 3, NULL, NULL),
(286, '46589570', 'OLINDA', 'ESPINOZA', 'PARCON', 'JR. BRUNO TERREROS Nº346', '10', '914862024', 8, NULL, NULL),
(287, '19899429', 'ELEODORA', 'BALBIN', 'ORELLANA', 'JR. BRUNO TERREROS Nº346', '10', '962103846', 8, NULL, NULL),
(288, '41231983', 'JACKELIN', 'CORDOVA', 'TACZA', 'JR. BRUNO TERREROS Nº 377', '10', '93384469', 8, NULL, NULL),
(289, '10702114221', 'DENIS MILAGROS', 'ALIAGA', 'INGA', 'JR. BRUNO TERREROS Nº399', '10', '977656707', 6, NULL, NULL),
(290, '20113604248', 'C.M.A.C', 'PIURA', 'S.A.C', 'FJ. DAMASO CABALLERO Nº109', '10', '', 8, NULL, NULL),
(291, '47580752', 'YOLANDA', 'CANTARA', 'GUERRA', 'JR, ANDRE ARAUCO Nº334', '10', '904220619', 5, NULL, NULL),
(292, '40999514', 'MANUEL', 'SANTANA', 'GUERRA', 'JR. ANDRE ARAUCO Nº383', '10', '958496664', 5, NULL, NULL),
(293, '70431607', 'SHEYLA', 'BENITES', 'CARDENAS', 'JR. BARTOLOME GUERRA S/N', '10', '', 5, NULL, NULL),
(294, '44548499', 'DANIEL', 'BALORAZO', 'BOCANEGRA', 'JR. MARIA MIRANDA Nº428', '10', '949010126', 6, NULL, NULL),
(295, '20324358', 'JANET', 'ARMAS', 'ALZAMORA', 'JR. PETRONA APOLAYA', '10', '960485628', 3, NULL, NULL),
(296, '204195060', 'QUINTO', 'DIAS', 'JUVENCIO', 'JR. CORONEL GUERRA Nº271', '10', '971119088', 3, NULL, NULL),
(297, '46709195', 'ISRAEL', 'MALAMARO', 'MUCHA', 'JR. BARTOLOME GUERRA Nº395', '10', '954003963', 3, NULL, NULL),
(298, '46469062', 'AVEL', 'VILLAVERDE', 'CORO', 'JR. PETRONA APOLAYA Nº356', '10', '997663191', 5, NULL, NULL),
(299, '980152077', 'ELEAZAR', 'GOMEZ', 'RIVERA', 'JR. PETRONA APOLAYA Nº372', '10', '980152077', 5, NULL, NULL),
(300, '60106744', 'NELIDA', 'HUACHAS', 'QUISPE', 'JR. PETRONA APOLAYA Nº370', '10', '991846863', 5, NULL, NULL),
(301, '10431675906', 'MAYRA', 'OCHOA', 'PALANTE', 'JR. PETRONA APOLAYA Nº408', '10', '901886934', 5, NULL, NULL),
(302, '1042596617', 'RUTI', 'CACHICO', 'ALAIN', 'JR. PETRONA APOLAYA Nº425', '10', '954079875', 5, NULL, NULL),
(303, '10730800016', 'LIZETTE SANDY', 'AQUINO', 'INGA', 'JR. PETRONA APOLAYA Nº430', '10', '986993556', 5, NULL, NULL),
(304, '42896922', 'ROCIO', 'OTIVO', 'MERCADO', 'JR. PETRONA APOLAYA Nº288', '10', '989126627', 3, NULL, NULL),
(305, '42544021', 'GELDER', 'PAULINA', 'VERA', 'JR.CORONEL GUERRA Nº258', '10', '958389064', 5, NULL, NULL),
(306, '20006760', 'MARQUEZ', 'PONCE', 'PAOLA', 'JR. CORONEL GUERRA Nº280', '10', '972143300', 6, NULL, NULL),
(307, '19906121', 'CARLOS', 'CANCHANYA', 'CARHUAMACA', 'JR. CORONEL GUERRA Nº258', '10', '972143300', 5, NULL, NULL),
(308, '19994809', 'DIAZ', 'INOCENTE', 'GERONIMO', 'JR. CORONEL GUERRA Nº252', '10', '', 5, NULL, NULL),
(309, '23455627', 'MARIA', 'ROJAS', 'SEGURA', 'JR. BARTOLOME GUERRA Nº245', '10', '', 5, NULL, NULL),
(310, '23455627', 'MARIA', 'ROJAS', 'SEGURA', 'JR. BARTOLOME GUERRA Nº245', '10', '', 5, NULL, NULL),
(311, '40500229', 'NEPER', 'PAULINA', 'VARA', 'PSJ LOURDES Nº178', '10', '901798716', 3, NULL, NULL),
(312, '19854791', 'KARINA', 'ROMAN', 'AYLLON', 'JR. CORONEL GUERRA Nº300', '10', '94266582', 3, NULL, NULL),
(313, '71483839', 'YESICA', 'CARLES', 'ILLESCA', 'JR. BARTOLOME GUERRA Nº255', '10', '949410225', 3, NULL, NULL),
(314, '000000', 'ANGELA', 'ROCHA', 'GAVILAN', 'AV. CHUPACA Nº354', '10', '936547071', 2, NULL, NULL),
(315, '000000', 'JEROGINA', 'ALIAGA', 'GAVILAN', 'AV. CHUPACA S/N', '10', '942929292', 2, NULL, NULL),
(316, '0000', 'PABLO', 'CAJAHUARINGA', 'CERRON', 'AV. CHUPACA Nº433', '10', '917841131', 2, NULL, NULL),
(318, '0', 'MIRELLA', 'PEÑA', 'QUISPEALAYA', 'AV. CHUPACA Nº202', '10', '953340332', 2, '-12.059370', '-75.287106'),
(319, '0', 'CASALLO', 'ARTICA', 'LUZ', 'JR.AV. CHUPACA', '10', '915921973', 2, NULL, NULL),
(320, '0', 'FEDERICO JESUS', 'PATIÑO', 'SALCEDO', 'AV. CHUPACA Nº759', '10', '972612756', 2, NULL, NULL),
(321, '0', 'ALFREDO', 'DE LA CRUZ', 'ALIAGA', 'AV. MARISCAL CACERES S/N', '10', '964990341', 34, NULL, NULL),
(322, '0', 'ANGELA', 'ALLPOC', 'BASTIDAS', 'AV. MARISCAL CACERES S/N', '10', '933641804', 34, NULL, NULL),
(323, '0', 'CRISTINA', 'CANCHARI', 'DE INCA', '', '', '', 34, NULL, NULL),
(324, '0', 'FLOR DE MARIA', 'GOMEZ', 'LLANTEY', 'AV. ALVARES ARENALES', '10', '', 34, NULL, NULL),
(325, '958083595', 'ZONIA', 'LAZO', 'VEGA', 'AV. CHUPACA Nº130', '10', '958083595', 2, NULL, NULL),
(326, '0', 'WILIAN', 'MEZA', 'QUISPEALAYA', 'AV. CHUPACA Nº155', '10', '991101381', 2, NULL, NULL),
(327, '0', 'WILIAN', 'MEZA', 'QUISPEALAYA', 'AV. CHUPACA Nº155', '10', '991101381', 2, NULL, NULL),
(328, '0', 'MELGAR', 'VILCHEZ', 'ARIZON', 'AV. CHUPACA S/N', '10', '959350514', 2, NULL, NULL),
(329, '0', 'JENY', 'GONZALES', 'BRAVO', 'AV, CHUPACA Nº171', '10', '947853536', 2, NULL, NULL),
(330, '0', 'DENIS', 'CONDEZO', 'LUNA', 'AV SUCRE CON CHUPACA', '10', '991180380', 2, NULL, NULL),
(331, '0', 'CESAR', 'PEINADO', 'GUTIERREZ', 'AV, CHUPACA 2º CUADRA', '10', '954006624', 2, NULL, NULL),
(332, '0', 'JOSE', 'HUAYTA', 'HUILLCA', 'AV. CHUPACA S/N', '10', '915944835', 2, NULL, NULL),
(333, '0', 'MARY', 'VERAS', 'MANCILLA', 'AV. CHUPACA', '10', '916983733', 2, NULL, NULL),
(334, '0', 'DANIE', 'MANCILLA', 'QUISPE', 'AV. CHUPACA', '10', '925004824', 2, NULL, NULL),
(335, '0', 'JANET', 'BALBIN', 'RUTTY', 'AV.24 DE JUNIO', '10', '952347118', 33, NULL, NULL),
(336, '0', 'WILFREDO', 'ANDIODE', 'HUAMAN', 'AV. 24 DE JUNIO', '10', '979105014', 33, NULL, NULL),
(337, '0', 'SUSI', 'MUCHA', 'VILCHEZ', 'AV. ARGENTINA', '10', '984857210', 33, NULL, NULL),
(338, '0', 'ABRAHAN', 'CAMPOSANO', 'REYES', 'AV. ARGENTINA', '10', '941383354', 33, NULL, NULL),
(339, '0', 'SOLEDAD', 'DE LA CRUZ', 'MALESQUE', 'AV. ARGENTINA', '10', '996758275', 33, NULL, NULL),
(340, '0', 'EVELYN', 'TRINIDAD', 'JACO', 'AV. ARGENTINA S/N', '10', '995860950', 33, NULL, NULL),
(341, '0', 'DAVID', 'HUAMAN', 'CHUQUILLANQUI', 'AV. ARGENTINA S/N', '10', '934633353', 33, NULL, NULL),
(342, '0', 'GLORIA', 'VILLANUEVA', 'CERRON', 'AV. ARGENTINA S/N', '10', '', 33, NULL, NULL),
(343, '0', 'GLORIA', 'RERGIFO', 'PEREZ', 'AV. ARGENTINA S/N', '10', '', 33, NULL, NULL),
(344, '0', 'GLORIA', 'RERGIFO', 'PEREZ', 'AV. ARGENTINA S/N', '10', '', 33, NULL, NULL),
(345, '0', 'MERLY', 'CAMPOS', 'QUINDE', 'AV. ARGENTINA', '10', '986150428', 33, NULL, NULL),
(346, '0', 'LEONELA', 'DAMIAN', 'DAMIAN', 'AV. ARGENTINA S/N', '10', '964493400', 33, NULL, NULL),
(347, '0', 'SOLEDAD', 'TARAZONA', 'GARDON', 'AV. ARGENTINA', '10', '954775956', 33, NULL, NULL),
(348, '0', 'JUAN CARLOS', 'AGUILAR', 'AQUINO', 'AV. ARGENTINA', '10', '987243480', 33, NULL, NULL),
(349, '0', 'CRISTIAN', 'MEDINA', 'VILCHEZ', 'AV. ARGENTINA', '10', '959083248', 33, NULL, NULL),
(350, '0', 'MEDINA', 'VELCHEZ', 'CRISTIAN', 'AV. ARGENTINA S/N', '10', '959083248', 33, NULL, NULL),
(351, '0', 'GUISELA', 'LLANTO', 'QUISPE', 'AV. ARGENTINA', '10', '989786932', 33, NULL, NULL),
(352, '0', 'RICHARD', 'REY', 'ZAVALETA', 'AV,ARGENTINA S/N', '10', '932035743', 33, NULL, NULL),
(353, '0', 'JHAQUELYN', 'SEDANO', 'TAIPE', 'AV. ARGENTINA Nº231', '10', '946052469', 33, NULL, NULL),
(354, '0', 'ALONDRA', 'RIVERA', 'FLORES', 'ALONDRA', '10', '919435286', 33, NULL, NULL),
(355, '0', 'PAITAN', 'YANE', 'ROXANA', 'AV. ARGENTINA', '10', '950620782', 33, NULL, NULL),
(356, '0', 'I', 'CRISISMO', 'S.A.C', 'AV. ARGENTINA S/N', '10', '919028059', 33, NULL, NULL),
(357, '0', 'MANUEL GERARDO', 'CONDEZO', 'FERNANDEZ', 'AV. ARGENTINA S/N', '10', '979223175', 33, NULL, NULL),
(358, '0', 'FAUSTO', 'CARDENAS', 'CONDEZO', 'AV. ARGENTINA Nº1037', '10', '964813897', 33, NULL, NULL),
(359, '0', 'ALEXANDER', 'MIGUEL', 'ANCO', 'AV. ARGENTINA', '10', '958715403', 33, NULL, NULL),
(360, '0', 'JOSE ANTONIO', 'RICSE', 'VILCHEZ', 'AV. ARGENTINA Nº1036', '10', '964219280', 33, NULL, NULL),
(361, '0', 'JOSE ANTONIO', 'RICSE', 'VILCHEZ', 'AV. ARGENTINA Nº1036', '10', '964219280', 33, NULL, NULL),
(362, '0', 'PILAR', 'ORELLANA', 'ALIAGA', 'JR. SANTOS BRAVO', '10', '941715711', 7, NULL, NULL),
(363, '0', 'PAOLA', 'ALIAGA', 'GAMARRA', 'JR. MARIA MIRANDA C. 11', '10', '993611639', 7, NULL, NULL),
(364, '0', 'LUCIA', 'CERRON', 'CAMARGO', 'JR. MARIA MIRANDA Nº984', '10', '968379977', 7, NULL, NULL),
(365, '0', 'THALIA', 'SANTOS', 'GARCIA', 'JR. MARIA MIRANDA', '10', '948305035', 7, NULL, NULL),
(366, '0', 'VEJARANO', 'GAVILAN', 'FRARINA', 'JR. MARIA MIRANDA S/N', '10', '917347419', 7, NULL, NULL),
(367, '0', 'ELIZABETH', 'CARDENAS', 'IBARRA', 'JR. MARIA MIRANDA S/N', '10', '934480666', 7, NULL, NULL),
(368, '0', 'SOLVIA', 'LAZO', 'CARDENAS', 'JR. MARIA MIRANDA S/N', '10', '928381868', 7, NULL, NULL),
(369, '0', 'CASTILLO', 'JIMENEZ', 'MARIA', 'JR. MARIA MIRANDA S/N', '10', '997400603', 7, NULL, NULL),
(370, '0', 'CARLOS', 'CESAR', 'HUARIPATA', 'JR. ALONSO MERCADILO Nº127', '10', '957302730', 8, NULL, NULL),
(371, '0', 'OFELIA', 'MUCHA', 'YAURI', 'JR. ALONSO MERCADILLO S/N', '10', '987212076', 8, NULL, NULL),
(372, '0', 'INVERSIONES', 'DING', 'S.A.C', 'ALNSO MERCADILLO S/N', '10', '935215372', 8, NULL, NULL),
(373, '0', 'JHON', 'QUINTO', 'QUIÑONES', 'JR. ALONSO MERCADILLO', '10', '993042849', 8, NULL, NULL),
(374, '0', 'MODAY', 'QUIÑONES', 'QUINTO', 'JR. ALONSO MERCADILLO Nº258', '10', '', 8, NULL, NULL),
(375, '0', 'PEDRO', 'CASTRO', 'VILCHEZ', 'JR. ALONSO MERCADILLO Nº276', '10', '982595456', 8, NULL, NULL),
(376, '0', 'HUBER', 'PAITAN', 'QUISPE', 'JR. ALONSO MERCADILLO S/N', '10', '955734420', 8, NULL, NULL),
(377, '0', 'MARIELLA', 'MALMO', 'CHAVEZ', 'JR. ANDRE ARAUCO S/N', '10', '918415113', 8, NULL, NULL),
(378, '0', 'FLOR MARITZA', 'PEREZ', 'ARAUJO', 'JR. ANDRE ARAUCO Nº574', '10', '966988376', 8, NULL, NULL),
(379, '0', 'MARCO', 'SOLANO', 'ACOSTA', 'JR. ANDRE ARAUCO Nº574', '10', '954455878', 8, NULL, NULL),
(380, '0', 'MARIBEL', 'RIVEN', 'LOZANO', 'AV. LOS HEROES Nº322', '10º', '917236660', 8, NULL, NULL),
(381, '0', 'LILIANA MARITZA', 'MORALES', 'ROJAS', 'AV. LOS HEROES Nº358', '', '902324635', 8, NULL, NULL),
(382, '0', 'LIDIA', 'CONDOR', 'PEREZ', 'AV. LOS HEROES Nº361', '10', '939062473', 8, NULL, NULL),
(383, '0', 'MARIA', 'GALVAN', 'SAMANIEGO', 'AV. LOS HEROES N°308-CHUPACA', '10 M2', '933121921', 8, NULL, NULL),
(384, '0', 'RICHARD', 'GALVAN', 'CAJAHUARINGA', 'AV. LOS HEROES 377', '10', '941725151', 8, NULL, NULL),
(385, '0', 'RODY', 'CUEVA', 'DAMIAN', 'AV. LOS HEROES Nº423', '10', '992216067', 8, NULL, NULL),
(386, '0', 'I.EP', 'SIGMA', 'SCHOOL', 'AV,LOS HEROES Nº423', '10', '900540635', 8, NULL, NULL),
(387, '10447407235', 'ERIKA', 'ROJAS', 'SOTO', 'AV,. LOS HEROES Nº440', '10', '992188000', 8, NULL, NULL),
(388, '0', 'JUANA', 'ALIAGA', 'QUISPE', 'AV. LOS HEROES Nº510', '10', '948602208', 8, NULL, NULL),
(389, '0', 'JUAN', 'ROJAS', 'VARGAS', 'AV. LOS HEROES', '10', '962172953', 8, NULL, NULL),
(390, '20600084951', 'SAMUEL', 'ATAYNOMA', 'PEÑALOZA', 'AV. LOS HEROES', '10', '964050700', 8, NULL, NULL),
(391, '0', 'JANET', 'SANTANA', 'ALIAGA', 'JR. MARIA MIRANDA Nº250', '10', '971626567', 8, NULL, NULL),
(392, '0', 'ANTONI', 'TALLER', 'BRAVO', 'JR, ANDRE ARAUCO Nº298', '10', '945190125', 8, NULL, NULL),
(393, '0', 'MICHAEL', 'CASTRO', 'CAMPOSANO', 'AV. LOS HEROES CON AV LOS HEROES', '10', '993906140', 8, NULL, NULL),
(394, '0', 'RONAL', 'EUGENIO', 'OTEGA', 'JR. BENIGNO DORREGARAY', '10', '990104259', 8, NULL, NULL),
(395, '0', 'SALOME', 'RODRIGUEZ', 'ANGELES', 'JR. MARIA MIRANDA', '10', '', 8, NULL, NULL),
(396, '0', 'SALOME', 'RODRIGUEZ', 'ANGELES', 'JR. MARIA MIRANDA', '10', '', 8, NULL, NULL),
(397, '0', 'JHOSELYN', 'MARIBEL', 'CASTILLO', 'JR. MARIA MIRANDA Nº496', '10', '', 8, NULL, NULL),
(398, '0', 'MARIBEL', 'MARI', 'VILCHEZ', 'JR. MARIA MIRANDA', '10', '929261378', 8, NULL, NULL),
(399, '0', 'ESPINOZA', 'LOZANO', 'PAOLA', 'JR. MARIA MIRANDA', '10', '', 8, NULL, NULL),
(400, '0', 'ESPINOZA', 'LOZANO', 'PAOLA', 'JR. MARIA MIRANDA', '10', '', 8, NULL, NULL),
(401, '0', 'EMPREZA', 'DE TRANSPORTE', 'GALVAN', 'JR. MARIA MIRANDA Nº', '10', '', 8, NULL, NULL),
(402, '0', 'NANCY', 'LLACCUALLA', 'CIWY', 'JR. MARIA MIRANDA', '10', '957162326', 8, NULL, NULL),
(403, '0', 'EDI', 'ALIAGA', 'PATIÑO', 'JR. MARIA MIRANDA Nº753', '10', '943353154', 7, NULL, NULL),
(404, '0', 'INVERSIONES', 'BARRIOS', 'FELICEA GASO CENTRO', 'JR. MARIA MIRANDA CON SANTOS BRAVO', '10', '', 7, NULL, NULL),
(405, '0', 'INVERSIONES', 'BARRIOS', 'FELICEA GASO CENTRO', 'JR. MARIA MIRANDA CON SANTOS BRAVO', '10', '', 7, NULL, NULL),
(406, '0', 'CRECER', 'MYPE', 'PERU', 'JR. MARIA MIRANDA', '10', '', 8, NULL, NULL),
(407, '00', 'JOSE LUIS', 'CERRON', 'DE LA  CRUZ', 'JR. MARIA MIRANDA', '10', '922739267', 8, NULL, NULL),
(408, '0000', 'VENTAS', 'DE LA', 'CRUZ', 'JR. MARIA MIRANDA', '10', '977640629', 8, NULL, NULL),
(409, '0000', 'MARYLY', 'ÑAUPA', 'CERRON', 'JR, MARIA MIRANDA S/N', '10', '958590830', 8, NULL, NULL),
(410, '000', 'GERLY', 'VILCHEZ', 'GARCIA', 'JR. MARIA  MIRANDA', '10', '903562789', 8, NULL, NULL),
(411, '000', 'JENNIS', 'VILLAVERDE', 'POMALAYA', 'JR. MARIA MIRANDA Nº496', '10', '944492424', 8, NULL, NULL),
(412, '0000', 'JANETH', 'HUAMAN', 'PARTON', 'JR, ECHENIQUE Nº842', '10', '904194096', 8, NULL, NULL),
(413, '0000', 'CARLOS', 'PALOMINO', 'CASTILLO', 'JR,ECHENIQUE CON MARIA MIRANDA', '10', '919037100', 8, NULL, NULL),
(414, '000', 'DEMETRIO', 'CERRON', 'CAMARGO', 'JR. MARIA MIRANDA Nº757', '10', '', 8, NULL, NULL),
(415, '000', 'DEMETRIO', 'CERRON', 'CAMARGO', 'JR. MARIA MIRANDA Nº757', '10', '', 8, NULL, NULL),
(416, '000', 'DEMETRIO', 'CERRON', 'CAMARGO', 'JR. MARIA MIRANDA Nº757', '10', '', 8, NULL, NULL),
(417, '0000', 'CAMPASO', 'MANTURANO', 'MAYDA', 'JR. ROSA PEREZ Nº865', '10', '916012421', 8, NULL, NULL),
(418, '0000', 'SILVIA', 'AYUQUE', 'RAMOS', 'JR. BENIGNO DORREGARAY Nº446', '10', '932968410', 8, NULL, NULL),
(419, '000', 'CANALES', 'MARITZA', 'CORDOVA', 'JR. BENIGNO DORREGARAY 514', '10', '945424378', 8, NULL, NULL),
(420, '000', 'SORAYA', 'SANTANA', 'CUEVA', 'JR. BENIGNO DORREGARAY', 'MINIMARKET', '938609134', 6, NULL, NULL),
(421, '000', 'SORAYA', 'SANTANA', 'CUEVA', 'JR. BENIGNO DORREGARAY', 'MINIMARKET', '938609134', 6, NULL, NULL),
(422, '000', 'MARCO', 'MAMANI', 'CUEVA', 'JR. BENIGNO DORREGARAY Nº524', '10', '919537801', 6, NULL, NULL),
(423, '000', 'LUIS', 'SULCA', 'BUEN DIA', 'JR. BENIGNO DORREGARAY Nº575', '10', '968361510', 6, NULL, NULL),
(424, '000', 'GORDINA', 'QUINTO', 'DIAS', 'JR. BENIGNO DORREGARAY', '10', '941695610', 6, NULL, NULL),
(425, '000', 'MARLENI', 'ROJAS', 'SANTANA', 'JR. BENIGNO DORREGARAY', '10', '941695610', 6, NULL, NULL),
(426, '10903244', 'VIOLETA', 'DORREGARAY', 'NUÑEZ', 'AV LOS HEROES', '10', '989516122', 8, NULL, NULL),
(427, '75724602', 'KENIA', 'CASALLO', 'SIERRA', 'AV. LOS HEROES Nº468', '10', '927657583', 8, NULL, NULL),
(428, '12280058', 'JULIO CESAR', 'CHAVEZ', 'JANAMPA', 'AV. LOS HEROES Nº596', '10', '950824176', 8, NULL, NULL),
(429, '72280056', 'EDWIN', 'CHAVEZ', 'JANAMPA', 'AV. BRUNO TERREROS Nº622', '10', '924160032', 8, NULL, NULL),
(430, '70773807', 'PAMELA', 'ORCON', 'MEDINA', 'AV. LOS HEROES Nº720', '10', '920733326', 8, NULL, NULL),
(431, '45210397', 'VANESSA', 'CAMARGO', 'GUERRA', 'AV. LOS HEROES S/N', '10', '975189300', 8, NULL, NULL),
(432, '10421390491', 'JESSICA', 'CARHUAMACA', 'HERNAOLA', 'AV.. LOS HEROES', '10', '978513321', 8, NULL, NULL),
(433, '10212610700', 'LUCIA PILAR', 'RAYMUNDO', 'BRUNO', 'AV. LOS HEROES N', '270', '', 8, NULL, NULL),
(434, '43000724', 'MIGUEL', 'ANGEL', 'GUERRA', 'AV. LOS HEROES', '10', '926833120', 8, NULL, NULL),
(435, '10479789812', 'CONSUELO', 'PAUCAR', 'VILLANUEVA', 'AV LOS HEROES Nº306', '10', '904022733', 8, NULL, NULL),
(436, '42912213', 'MIRAN', 'VILCHEZ', 'ANGELES', 'AV. LOS HEROES Nº118', '10', '925059792', 8, NULL, NULL),
(437, '10701393886', 'RAQUEL', 'TACZA', 'CORDOVA', 'AV. LOS HEROES Nº132', '10', '941938119', 8, NULL, NULL),
(438, '46772354', 'NATALY', 'INGA', 'CUADRAS', 'AV. LOS HEROES Nº704', '10', '964207960', 8, NULL, NULL),
(439, '20608972383', 'MINI', 'MARKET', 'MILA', 'AV. LOS HEROES Nº603', '10', '988977746', 8, NULL, NULL),
(440, '10198093039', 'AUTOMOTRIS', 'SANTIAGO', 'S', 'AV LOS HEROES Nº603', '10', '988977746', 8, NULL, NULL),
(441, '20044166', 'WILIAN', 'MERINO', 'POMALAYA', 'AV. LOS HEROES Nº571', '10', '902520631', 8, NULL, NULL),
(442, '42126692', 'PADIN', 'DURAN', 'SILER ANDRES', 'AV.LOS HEROES Nº515', '10', '900975328', 8, NULL, NULL),
(443, '19919547', 'JUANA', 'ALIAGA', 'QUISPE', 'AV. LOS HEROES Nº511', '10', '948602268', 8, NULL, NULL),
(444, '97772618', 'JESUS', 'ALIAGA', 'CASA DE LOS PERNOS', 'AV. LOS HEROES Nº511', '10', '903178090', 8, NULL, NULL),
(445, '10800407325', 'NANCY', 'GALVAN', 'CAMARGO', 'AV. LOS HEROES Nº371', '10', '985889841', 8, NULL, NULL),
(446, '10432196513', 'MARISOL', 'RIOS', 'TORRES', 'JR. BARTOLOME GUERRA Nº112', '10', '934662953', 8, NULL, NULL),
(447, '20603427051', 'LA ROSA', 'ALIAGA', 'EDWIN', 'JR. MIGUEL GRAU Nº308', '70', '986834382', 3, NULL, NULL),
(448, '10415205096', 'MARCO ANTONIO', 'MONTERO', 'INGA', 'JR. ANDREA ARAUCO Nº260', '10', '914399423', 8, NULL, NULL),
(449, '10458446259', 'ASENCIO', 'MELGAR', 'LIZBETH', 'MARIA MIRANDA CON ANDREA ARAUCO', '10', '982086744', 8, NULL, NULL),
(450, '47809312', 'KEVIN', 'SAMUDIO', 'LAURIANO', 'JR. ANDRE ARAUCO Nº333', '10', '974768457', 8, NULL, NULL),
(451, '20609864011', 'CAMPANY', 'ECOPECU', 'COMPANY E.I.R.L', 'AJR. ANDRE ARAUCO Nº 383', '10', '958496664', 8, NULL, NULL),
(452, '10469733349', 'JHONI', 'QUISPE', 'BONILLA', 'JR. ANDRE ARAUCO', '10', '953316497', 8, NULL, NULL),
(453, '1009983630', 'VIOLETA', 'RUPAY', 'NELLY', 'JR, ANDRE ARAUCO Nº459', '10', '926148645', 8, NULL, NULL),
(454, '10200421936', 'LIFONSO', 'LEONIDAS', 'CORONEL', 'JR. ANDRE ARAUCO Nº210', '10', '900107568', 8, NULL, NULL),
(455, '20607413935', 'INVERSIONES', 'PRESTAMO', 'CRUZ DEL SUR', 'JR. ANDRE ARAUCO Nº408', '10', '', 8, NULL, NULL),
(456, '10466931506', 'SANCCO', 'SOLORZANO', 'DANIEL DAVID', 'JR. ALONSO MERCADILLO Nº200', '10', '975460613', 8, NULL, NULL),
(457, '47893088', 'SANDRA', 'ALIAGA', 'CAMAZENA', 'JR. ANDRE ARAUCO Nº255', '10', '955080389', 8, NULL, NULL),
(458, '44028208', 'LALO', 'ROZANA', 'MAQUENO', 'JR. ANDRE ARAUCO N', '10', '912749784', 8, NULL, NULL),
(459, '20608951732', 'MEGICOS', 'RECUERDOS', 'S.A.C', 'JR. ANDRE ARAUCO Nº111', '10', '955171249', 8, NULL, NULL),
(460, '1020812234', 'JUAQUIN', 'ALIAGA', 'PEÑA', 'JR ANDRE ARAUCO', '20', '990040807', 8, NULL, NULL),
(461, '20100209641', 'CAJA MUNICIPAL', 'DE AHORROS', 'Y PRESTAMOS AREQUIPS', 'JR JR. ANDRE ARAUCO Nº157', '20', '', 8, NULL, NULL),
(462, '20100209641', 'CAJA MUNICIPAL', 'DE AHORROS', 'Y PRESTAMOS AREQUIPS', 'JR JR. ANDRE ARAUCO Nº157', '20', '', 8, NULL, NULL),
(463, '40767422', 'FLOR', 'PERZ', 'ARAUCO', 'JR. ANDRE ARAUCO', '10', '921448012', 8, NULL, NULL),
(464, '10198735405', 'AGRIPINA BENEDICTA', 'VARGAS', 'CONDEZO', 'JR. ANDRE ARAUCO Nº166', '10', '921448013', 8, NULL, NULL),
(465, '10406817038', 'ROLANDO', 'SOTOMAYOR', 'TOBAR', 'JR. BENIGNO DORREGARAY', '10', '', 8, NULL, NULL),
(466, '20045102', 'PERCI', 'CONTRERAS', 'VILLANUEVA', 'JR.ANDRE ARAUCO Nº200', '10', '964050731', 8, NULL, NULL),
(467, '10405271937', 'ANA MARIA', 'GALVAN', 'SARMIENTO', 'AV. LOS HEROES N° 378', '30', '933121921', 8, NULL, NULL),
(468, '20322445564', 'CAJA RURAL', 'DECREDITOS', 'LOS ANDES S.A', 'JR BARTOLOME HUERRA Nº148', '75°17\'15.2&quot;W', '958589620', 8, NULL, NULL),
(469, '10404891044', 'ALEJANDRO MARTIN', 'ALCANTARA', 'ILLESCA', 'JR. BARTOLOME GUERRA Nº162', '10', '985248675', 8, NULL, NULL),
(470, '10409343673', 'FANY TOÑA', 'MEZA', 'YAURI', 'JR. BARTOLOME GUERRA Nº186', '10', '925534540', 8, NULL, NULL),
(471, '1070140312', 'YOLINDA', 'QUINTO', 'DAMIAN', 'JR. BARTOLOME GUERRA Nº198', '10', '987243007', 8, NULL, NULL),
(472, '20418140551', 'ALBIS', 'S.A.C.', '.', 'JR. MI GUEL GRAU Nº306', '10', '933274895', 3, NULL, NULL),
(473, '61889610', 'BRITANI', 'CAMPOSANO', 'MATOS', 'JR. MIGUEL GRAU Nº306', '10', '999366210', 3, NULL, NULL),
(474, '20216249934', 'EMPRESA', 'DE TRANSPORTE', 'NACIONAL', 'JR. JOSE MARIA FLORES Nº327', '10', '955856355', 3, NULL, NULL),
(475, '20120507711', 'EMPRESA', 'DE TRANSPORTE', 'SALAZAR', 'JR. JOSE MARIA FLORES Nº', '10', '973606198', 2, NULL, NULL),
(476, '10720471065', 'JOSUE', 'OROÑA', 'QUISPE', 'JR. JOSE MARIA FLORES Nº200', '10', '921861389', 2, NULL, NULL),
(477, '10430578028', 'NATALY', 'ALIAGA', 'ORELLANA', 'JR. JOSE MARIA FLORES Nº215', '10', '987570550', 2, NULL, NULL),
(478, '10726594401', 'ONOFRE', 'FLORES', 'YESSICA', 'JR. MARIA FLORES Nº 156', '10', '977803732', 2, NULL, NULL),
(479, '44178447', 'ITALO', 'COSAR', 'SOTOMAYOR', 'JR. MARIA FLORES Nº150', '10', '998766520', 2, NULL, NULL),
(480, '74094348', 'MILAGROS', 'ALVARADO', 'CABALLOS', 'JR. MARIA FLORES', '10', '916720104', 2, NULL, NULL);
INSERT INTO `tienda` (`idtienda`, `numruc`, `nombres_per`, `apellidop_per`, `apellidom_per`, `ubic_tienda`, `area_tienda`, `celular`, `id_zona`, `latitud`, `longitud`) VALUES
(481, '10430402795', 'JUANA', 'ÑAHUI', 'PINO', 'JR. MARIA FLORESNº140', '10', '903552287', 2, NULL, NULL),
(482, '10434022161', 'ROBERTO', 'OCHOA', 'HUAMAN', 'JR.ANTONIO DE SUCRE', '10', '910130413', 2, NULL, NULL),
(483, '20605683186', 'CREDI', 'MAZZ', 'S.A.C', 'JR. JOSE MARIA FLORES', '10', '', 2, NULL, NULL),
(484, '10754584519', 'ROCIO', 'HUAMAN', 'HUAYNALAYA', 'JR. JOSE MARIA FLORES', '10', '983835100', 2, NULL, NULL),
(485, '10474563541', 'SAMUEL ELIAS', 'CONDOR', 'MONTERO', 'JR. JOSE MARIA FLORES Nº166', '10', '998862565', 2, NULL, NULL),
(486, '10469221810', 'MARIELA', 'CUEVA', 'CAPCHA', 'JR, MARIA FLORES Nº110', '10', '921164005', 2, NULL, NULL),
(487, '10200461032', 'JUANA', 'HERRERA', 'HUACHULCA', 'JR. JOSE MARIA FLORES 145', '10', '987485093', 2, NULL, NULL),
(488, '10412643408', 'JESSICA', 'VILCHEZ', 'JESSICA', 'JR. JOSE MARIA FLORES Nº148', '10', '921164005', 2, NULL, NULL),
(489, '20603463251', 'INVERSIONES', 'JUR IMARAY', 'S.C.R.L', 'JR, JOSE MARIA FLORES', '10', '967128828', 2, NULL, NULL),
(492, '20040263', 'FLOR PILAR', 'DIONICIO', 'FERNANDA', 'JR MARIA FLORES Nº', '10', '', 2, NULL, NULL),
(493, '20603226390', 'EVENTOS', 'SOLCIALES', 'AMES', 'JR. MARIA FLORES', '10', '', 2, NULL, NULL),
(494, '10452351299', 'MARY', 'QUISPE', 'CHINUAPASA', 'JR. JOSE MARIA FLORES Nº355', '10', '988704906', 2, NULL, NULL),
(495, '10425163782', 'EDGAR ORESTES', 'ORDOÑEZ', 'VILCHEZ', 'JR. JOSE MARIA FLORES Nº327', '10', '995041011', 2, NULL, NULL),
(496, '41100610', 'NORMA', 'MUNIVE', 'GUTARRA', 'JR. MARIA FLORES Nº', '10', '959995465', 2, NULL, NULL),
(497, '46944692', 'VICTOR', 'VICTORIA', 'RAMOS', 'JR. MARIA FLORES Nº275', '10', '973406724', 2, NULL, NULL),
(498, '20006825', 'ALICIA', 'LAZO', 'ALIAGA', 'JR, MARIA FLORES Nº223', '10', '977277731', 2, NULL, NULL),
(499, '76515915', 'ESTEFANI', 'PEREZ', 'LOPEZ', 'JR. MARIA FLORES Nº185', '10', '997881164', 2, NULL, NULL),
(500, '20606814501', 'COMMUNILK', 'GROUP', 'WANCA', 'JR. JOSE MARIA FLORES Nº 240', '10', '978855377', 2, NULL, NULL),
(501, '10427435992', 'REBBECA SOCORRO', 'HUAMAN', 'ÑAUPA', 'JR MARIA FLORES Nº145', '10', '955174812', 2, NULL, NULL),
(502, '10458003128', 'SUSAN EDITH', 'GOMEZ', 'GARCIA', 'JR, MARIA FLORES Nº266', '10', '950957036', 2, NULL, NULL),
(503, '10459374171', 'MELISSAB', 'ARAUCO', 'ORIHUELA', 'JR. MARIA FLORES Nº286', '10', '937245246', 2, NULL, NULL),
(504, '439794628', 'NATALY', 'CLACO', 'ORE', 'JR. MARIA FLORES Nº215', '10', '941456969', 2, NULL, NULL),
(505, '0', 'santa magdalena', 'LAZARTE', 'mercedes', 'jr. petrona apolaya Nº480', '10', '954072490', 5, NULL, NULL),
(506, '0', 'JOSE', 'QUISPE', 'GUTARRA', 'JR. PETRONA APOLAYA Nº842', '10', '995522964', 5, NULL, NULL),
(507, '00', 'JUAN', 'MAYHUASCA', 'ESPIRITU', 'JR. PETRONA APOLAYA Nº486', '10', '965307040', 5, NULL, NULL),
(508, '0', 'MARCO', 'OCHOA', 'CHIPANA', 'JR BENIGNO DORREGARAY Nº', '10', '947746827', 6, NULL, NULL),
(509, '19906945', 'MARIA', 'ROJAS', 'LOPEZ', 'JR. RUFINO ECHENIQUE Nº601', '10', '974410296', 6, NULL, NULL),
(510, '42011168', 'FLOR', 'CALLUPA', 'ROJAS', 'JR. RUFINO ECHENIQUE Nº744', '10', '979776583', 6, NULL, NULL),
(511, '20044028', 'PAOLO', 'RUTTY', 'JIMENES', 'JR. RUFINO ECHENIQUE', '10', '933031173', 6, NULL, NULL),
(512, '20603277558', 'JUAN', 'SUARES', 'ORTIS', 'JR. RUFINO ECHENIQUE', '10', '910005028', 6, NULL, NULL),
(513, '20600244451', 'SOCIEDAD DE APOYO', 'A LA GESTION', 'DEL EMPRESARIO', 'JR. ECHENIQUE Nº760', '10', '970744386', 8, NULL, NULL),
(514, '20608568078', 'INVERSIONES', 'FRIMAY', 'E.I.R.L', 'JR. RUFINO ECHENOQUE', '10', '964680215', 6, NULL, NULL),
(515, '10199002738', 'TEOFILO', 'ESPINOZA', 'GARCIA', 'JR. RUFINO ECHENIQUE', '10', '964024721', 6, NULL, NULL),
(516, '71750731', 'MARGONIA', 'VENDEZU', 'HANDOY', 'JR.RUFINO ECHENIQUE', '10', '', 6, NULL, NULL),
(517, '20604559276', 'inversiones', 'generales', 'diomar E.I.R.L', 'JR. BRUNO TERREROS Nº201', '10', '953463852', 2, NULL, NULL),
(518, '20568635249', 'AGRO', 'NEGICIO', 'CONSORCIO', 'JR. BRUNO TERREROS Nº203', '10', '942892300', 2, NULL, NULL),
(519, '10200618152', 'PAREDES', 'ORDAYA', 'ROSARIO', 'JR. BRUNO TERREROS Nº221', '10', '949624481', 2, NULL, NULL),
(520, '19900901', 'ANDRES', 'GAMION', 'SANDOVAL', 'JR. BRUNO TERREROS 255', '10', '976410433', 2, NULL, NULL),
(521, '19900901', 'ANDRES', 'GAMION', 'SANDOVAL', 'JR. BRUNO TERREROS 255', '10', '976410433', 2, NULL, NULL),
(522, '19903384', 'MATILDE', 'ABASCA', 'DE GAMION', 'JR. BRUNO TERREROS Nº271', '10', '96459254', 2, NULL, NULL),
(523, '1046741888', 'CORDOVA', 'NINALANYA', 'ORECEO', 'JR. BRUNO TERREROS Nº399', '10', '922622377', 2, NULL, NULL),
(524, '20132243230', 'CAJA MUNICIOAL', 'DE CREDITO TRUJILLO', 'S.A.C', 'JR. BRUNO TERREROS Nº415', '10', '997185054', 8, NULL, NULL),
(525, '45354153', 'BEATRIZ', 'YAURIVILCA', 'OSORIO', 'JR. BRUNO TERREROS Nº427', '10', '994733295', 8, NULL, NULL),
(526, '2930200789', 'CMAC', 'HUANCAYO', 'S.A.C', 'JR. BRUNO TERREROS Nº427', '10', '97826874', 8, NULL, NULL),
(527, '10751664190', 'LAZARO', 'ROJAS', 'ANGELA', 'JR. BRUNO TERREROS Nº447', '10', '937372006', 6, NULL, NULL),
(528, '10751664190', 'LAZARO', 'ROJAS', 'ANGELA', 'JR. BRUNO TERREROS Nº447', '10', '937372006', 6, NULL, NULL),
(529, '10755570996', 'POMA', 'JOCDE', 'LIZET', 'JR. BRUNO TERREROS Nº465', '10', '963214445', 6, NULL, NULL),
(530, '10755570996', 'POMA', 'JOCDE', 'LIZET', 'JR. BRUNO TERREROS Nº465', '10', '963214445', 6, NULL, NULL),
(531, '40354627', 'MONICA', 'VILCHEZ', 'CASTRO', 'JR. BRUNO TERREROS Nº465', '10', '923992408', 6, NULL, NULL),
(532, '10436348148', 'NILS', 'DIAS', 'ARCOS', 'JR. BRUNO TERREROS', '10', '900093836', 6, NULL, NULL),
(533, '10469595950', 'MAYTE', 'CERRON', 'GUISELA', 'JR. BRUNO TERREROS', '10', '971440394', 2, NULL, NULL),
(534, '75897559837', 'MICRO', 'BANK', 'PERU', 'JR. BRUNO TERREROS SEGUNDO NIVEL', '10', '965053937', 2, NULL, NULL),
(535, '77668122', 'ADA MARITZA', 'CAVERO', 'ALVARADO', 'JR. BRUNO TERREROS', '10', '923945949', 2, NULL, NULL),
(536, '20114839176', 'CMAC', 'CUSCO', 'S.A', 'JR- BRUNO TERREROS Nº414', '10', '', 8, NULL, NULL),
(537, '20114839176', 'CMAC', 'CUSCO', 'S.A', 'JR- BRUNO TERREROS Nº414', '10', '', 8, NULL, NULL),
(538, '20382036655', 'MIBANCO BANCO', 'DE LA', 'MICROEMPRESA S.A.', 'JR. BRUNO TERREROS Nº454 - CHUPACA', '480.04 M2', '917480786', 6, NULL, NULL),
(539, '20382036655', 'MI BANCO BANCO', 'DE LA', 'EMPRESA S.A', 'JR. BRUNO TERREROS Nº454', '10', '', 8, NULL, NULL),
(540, '10485207649', 'SOTOMAYOR', 'VILLAVERDE', 'ROSA ISABEL', 'JR. BRUNO TERREROS Nº504', '10', '98083.215', 6, NULL, NULL),
(541, '10744936', 'ORIHUEL', 'A VILCHEZ', 'SHEYLA', 'JR. BRUNO TERREROS Nº550', '10', '938619666', 6, NULL, NULL),
(542, '44456878', 'PEDRO PABLO', 'HIMENES', 'FLORES', 'JR. BRUNO TERREROS', '10', '958198547', 6, NULL, NULL),
(543, '10199379769', 'ALBERTO CECILIO', 'MENDEZ', 'PEREZ', 'JR. BRUNO TERREROS Nº698 - CHUPACA', '40 M2', '931133058', 6, NULL, NULL),
(544, '70187954', 'ANDRA', 'ORELLANA', 'DAVILA', 'JR. BRUNO TERREROS', '10', '936167957', 6, NULL, NULL),
(545, '74805202', 'MARICARMEN', 'ARANDA', 'PEREZ', 'JR. BRUNO TERREROS Nº753', '10', '921917165', 6, NULL, NULL),
(546, '10433172642', 'MARAFERI LIZ', 'JIMENEZ', 'DORREGARAY', 'AV. LOS HEROES N°468 - CHUPACA', '30 M2', '924835500', 8, NULL, NULL),
(547, '46961571', 'JULISA', 'ORIHUELA', 'MADUEÑO', 'JR. RUFINO ECHENIQUE Nº569', '10', '968022573', 6, NULL, NULL),
(548, '20606692758', 'CLINICA FUARES', 'LOARDO', 'E.I.R.L', 'JR. RUFINA ECHENIQUE Nº563', '10', '957502915', 6, NULL, NULL),
(549, '20601488567', 'FERRETERO', 'LA PRINCIPA', 'L', 'JR.RUFIO ECHENIQUE Nº543', '10', '945793616', 6, NULL, NULL),
(550, '20601488567', 'FERRETERO', 'LA PRINCIPA', 'L', 'JR.RUFIO ECHENIQUE Nº543', '10', '945793616', 6, NULL, NULL),
(551, '10199005427', 'GARAGATE', 'SALVATIERRA', 'JOSE CARLOS', 'JR RUFIN ECHENIQUE Nº551', '10', '988157052', 6, NULL, NULL),
(552, '1043184469', 'NESTARES', 'BALBIN', 'OLGA', 'JR. RUFINO ECHENIQUE Nº509', '10', '104318446', 6, NULL, NULL),
(553, '20006921', 'ARA', 'PARIONA', 'LOPEZ', 'JR. RUFINO ECHENIQUE Nº495', '10', '923035698', 6, NULL, NULL),
(554, '80116130', 'MRCELA', 'CURI', 'MICMA', 'JR. RUFINO ECHENIQUE Nº549', '10', '975343921', 6, NULL, NULL),
(555, '10199044082', 'VICTOR', 'DIONICIO', 'STEVIN', 'JR. RUFINO ECHENIQUE Nº626', '10', '993874071', 6, NULL, NULL),
(556, '10734905963', 'VASQUEZ', 'SOTOMAYOR', 'VICTOR', 'JR. RUFINO ECHNIQUE Nº626', '10', '970981415', 6, NULL, NULL),
(557, '44643205', 'DENIS', 'ARAUCO', 'BALBIN', 'JR. RUFINO ECHENIQUE Nº656', '10', '922010409', 6, NULL, NULL),
(558, '00491553', 'FELIX', 'GONZALES', 'S', 'JR. RUFINO ECHENIQUE Nº671', '10', '954579001', 6, NULL, NULL),
(559, '61720210', 'MINSA', 'OSORESN', 'CUEVA', 'JR. RUFINO ECHENIQUE Nº827', '10', '90096004', 6, NULL, NULL),
(560, '10411205385', 'PAULINO', 'VERASTEGUI', 'DE CERRON', 'JR. PETRONA APOLAYA Nº560', '10', '993592006', 5, NULL, NULL),
(561, '10475676209', 'SANCHEZ', 'EMELY', 'MERCEDES', 'JR. RUFINO ECHENIQUE Nº520', '10', '966919827', 5, NULL, NULL),
(562, '20079452', 'AVELLANEDA', 'GABINO,', 'MARISOL AUREA', 'JR. PETRONA APOLAYA Nº516', '10', '954976099', 5, NULL, NULL),
(563, '10429933434', 'ORELLANA', 'ROJAS', 'JESUS', 'JR. PETRONA APOLAYA Nº514', '10', '952848228', 5, NULL, NULL),
(564, '10460898248', 'DAVILA', 'AGUIRRE', 'GARLIX', 'JR. PETRONA APOLAYA Nº501', '10', '964059882', 5, NULL, NULL),
(565, '47772612', 'SANTA', 'GUERRA', 'MIRANDA', 'AV. LOS HEROES Nº451', '10', '903178090', 8, NULL, NULL),
(566, '43865656', 'ROSARIO', 'VILCHEZ', 'CUEVA', 'JR. MIGUEL GRAU S/N', '10', '', 3, NULL, NULL),
(567, '43865656', 'ROSARIO', 'VILCHEZ', 'CUEVA', 'JR. MIGUEL GRAU S/N', '10', '', 3, NULL, NULL),
(568, '10426453172', 'MEZA', 'CASAS', 'SUSAN', 'JR. PASAJE BELEN', '10', '960998895', 33, NULL, NULL),
(569, '69055208', 'GADYS', 'ZEGARRA', 'PRIETO', 'JR. BOLOGNESI S/N', '', '923024762', 33, NULL, NULL),
(570, '10734943032', 'MICHAEL BLADIMIR', 'INGA', 'GUTIERREZ', 'AV. ARGENTINA Nº398 - CHUPACA', '45 M2', '930827900', 33, NULL, NULL),
(571, '10199018103', 'DOMINGO ANTONIO', 'VILLAVERDE', 'CERRON', 'AV. LOS HEROES Nº153', '10', '928232340', 8, NULL, NULL),
(572, '10477128136', 'KEVIN FRANKLIN', 'HUAMAN', 'MENDOZA', 'AV. LOS HEROES N/N', '10', '968889931', 8, NULL, NULL),
(573, '10730568140', 'MELISA MAYUMI', 'ORIHUELA', 'DE LA CRUZ', 'AV. LOS HEROES Nº201', '10', '993906140', 8, NULL, NULL),
(574, '20044148', 'LUIS QUINTILIANO', 'CANCHANYA', 'CARHUAMACA', 'AV. LOS HEROES S/N', '10', '934467868', 8, NULL, NULL),
(575, '75964174', 'EVIL', 'QUISPEALAYA', 'QUISPEALAYA', 'AV. LOS HEROES S/N', '10', '914891468', 8, NULL, NULL),
(576, '20604339791', 'SOCIAL VETERINARIOS PROFESIONALES', 'CAYA &amp; BEL', 'S.A-C', 'AV. LOS HEROES Nº231', '10', '964609030', 8, NULL, NULL),
(577, '20609113864', 'NEGOCIACIONES COMERCIALIZADORA A&amp;A A', 'LUCHITO EMPRESA', 'INDIVIDUAL DE RESPONSABILIDAD LIMITAD', 'AV. LOS HEROES Nº353', '10', '968017634', 8, NULL, NULL),
(578, '10042089821', 'CHACA', 'SANCHEZ', 'FERNANDO', 'AV. LOS HEROES Nº395', '10', '938108082', 8, NULL, NULL),
(579, '10200817180', 'BRIGIDA', 'BALLASCO', 'URIBE', 'AV. LOS HEROES', '10', '913637995', 8, NULL, NULL),
(580, '10431387200', 'MARIN', 'MAMANI', 'ROXANA', 'JR. CORONEL GUERRA SN', '10', '960808914', 3, NULL, NULL),
(581, '21253753', 'ELSA CARMELA', 'LAZARO', 'BARRA DE VILLENA', 'JR. PETRONA APOLAYA Nº301', '10', '922260370', 3, NULL, NULL),
(582, '10406391201', 'ARMAS', 'ALZAMORA', 'JANET', 'JR. PETRONA APOLAYA Nº301', '10', '922260370', 3, NULL, NULL),
(583, '10414293803', 'JHANET', 'REY', 'CERRON', 'JR. PETRONA APOLAYA S/N', '10', '995502379', 3, NULL, NULL),
(584, '10448517689', 'TERESA', 'VERA', 'CERRON', 'JR. PETRONA APOLAYA Nº337', '10', '996796320', 3, NULL, NULL),
(585, '20568378921', 'INVERSIONES', 'INMOVILIARIA', 'DIANA', 'JR. BRUNO TERREROS Nº323', '10', '99656410', 8, NULL, NULL),
(586, '10449925462', 'ANDERSON', 'RAMOS', 'BRAVO', 'JR DAMASO CABALLERO Nº117', '10', '980487533', 5, NULL, NULL),
(587, '2013604248', 'CAMAC.', 'PIURA', 'S.A.C', 'JR. DAMASO CABALARO Nº109', '10', '980487533', 6, NULL, NULL),
(588, '10200929697', 'MARCO', 'MENDOZA', 'ORTIZ', '', '', '961634705', 8, NULL, NULL),
(589, '10436522871', 'ESPINOZA', 'LOZANO', 'PAOLA', 'JR. BRUNO TERREROS Nº395', '10', '978142025', 8, NULL, NULL),
(590, '10445372001', 'JACKELYN', 'CERRON', 'OCHA', 'JR. BRUNO TERREROS Nº 387', '10', '', 8, NULL, NULL),
(591, '20044971', 'ROLANDO', 'QUISPE', 'ALIAGA', 'JR, BRUNO TERREROS Nº381', '10', '959620006', 8, NULL, NULL),
(592, '10465783432', 'PORRAS', 'MATOS', 'HENRY', 'JR. BRUNO TERREROS Nº371', '10', '931396300', 8, NULL, NULL),
(593, '10763715138', 'TORRES', 'QUINTO', 'TERESA', 'JR. BRUNO TERREROS Nº345', '10', '989415588', 8, NULL, NULL),
(594, '10199109818', 'WALTER', 'GALVEZ', 'ASTUCURI', 'JR,BRUNO TERREROS Nº343', '10', '992800090', 8, NULL, NULL),
(595, '20511988161', 'INVERSIONES', 'MANEJO', 'S.A.C', 'JR. BRUNO TERREROS Nº337', '10', '945227720', 8, NULL, NULL),
(596, '41097466', 'TULA', 'QUISPE', 'RIVERA', 'JR. BRUNO TERREROS Nº327', '10', '977329366', 8, NULL, NULL),
(597, '20600117202', 'INVERSIONES', 'HERMANOS', 'BALDEON', 'JR. GRAU Nº401', '10', '', 6, NULL, NULL),
(598, '20600117202', 'INVERSIONES', 'HERMANOS', 'BALDEON', 'JR. GRAU Nº401', '10', '', 6, NULL, NULL),
(599, '20130200789', 'CMAC', '- HUANCAYO', 'S.A.', 'JR. DAMASO CABALLERO Nº191', '10', '', 6, NULL, NULL),
(600, '20130200789', 'CMAC', '- HUANCAYO', 'S.A.', 'JR. DAMASO CABALLERO Nº191', '10', '', 6, NULL, NULL),
(601, '10200627097', 'PRESCILIDA NERY', 'ROMAN', 'AYLLON', 'JR. DAMASO CABALLERO Nº185', '10', '999854339', 6, NULL, NULL),
(602, '20228319768', 'FINANCIERA', 'CONFIANZA', 'S.A.A.', 'JR. DAMASO CABALLERO Nº179', '10', '973852128', 6, NULL, NULL),
(603, '10199063737', 'JUSTINA', 'LAPA', 'CAMAYO DE VILCHEZ', 'JR. DAMASO CABALLERO Nº161', '10', '923877740', 6, NULL, NULL),
(604, '20601638810', 'ALEJANDRO', 'OCHOA', 'OREJON', 'JR. PETRONA APOLAYA N° 398', '10', '964658278', 3, NULL, NULL),
(605, '42092430', 'GONZALO', 'CALZIN', 'ORTIZ', 'JR. DAMASO CABALLERO Nº159', '10', '944983186', 6, NULL, NULL),
(606, '20078313', 'LIZ', 'CERRON', 'SALCEDO', 'JR. DAMASO CABALLERO S/N', '10', '922863998', 6, NULL, NULL),
(607, '48655957', 'RONALD', 'HUAMAN', 'ENRIQUEZ', 'JR- DAMASO CABALLERO S/N', '10', '954829064', 6, NULL, NULL),
(608, '20606147016', 'MOVIL', 'SHOP', 'S.A.C.', 'JR. DAMASO CABALLERO Nº130', '10', '971091331', 6, NULL, NULL),
(609, '41437048', 'PERCY JHONY', 'DAMIAN', 'PUIPIALLI', 'AV. ETERNIDAD S/N', '10', '956953189', 9, NULL, NULL),
(610, '10903469', 'CARMEN', 'CASTILLO', 'RIJAS', 'AV, ETERNIDAD S/N', '10', '981459178', 9, NULL, NULL),
(611, '45039712', 'MARCOS', 'HUALPARUCA', 'GARAY', 'AV. ARGENTINA Nº1225', '10', '975357142', 33, NULL, NULL),
(612, '20081241', 'PAUCAR', 'SILVIA', 'PEREZ', 'JR. ANTONIO RAYMONDI S/N', '10', '', 8, NULL, NULL),
(613, '20081241', 'PAUCAR', 'SILVIA', 'PEREZ', 'JR. ANTONIO RAYMONDI S/N', '10', '', 8, NULL, NULL),
(614, '46290585', 'ROLANDO', 'ALVAREZ', 'COLQUESAÑA', 'AV. ETERNIDAD', '10', '989607987', 9, NULL, NULL),
(615, '10481890085', 'JURADO', 'FERNANDEZ', 'DENNIS ANDRES', 'AV. ARGENTINO Nº1194', '10', '966487188', 33, NULL, NULL),
(616, '10414175037', 'SOLEDAD', 'PATRICIA', 'DE LA CRUZ', 'AV. ARGENTINA Nº1243', '10', '996758275', 33, NULL, NULL),
(617, '10702321242', 'QUIÑONES', 'QUINTO', 'MADAY', 'JR. ALONSO MERCADILLO Nº258º', '10', '970069788', 8, NULL, NULL),
(618, '20486056640', 'INVERSIONES', 'SOLANO', 'E.I.R.L.', 'JR. MIGUEL GRAU Nº384', '10', '943328656', 3, NULL, NULL),
(619, '20607915556', 'INTERCLIN', 'E.I.R.L', '.', 'JR. GRAU Nº386', '10', '982855344', 5, NULL, NULL),
(620, '10418110380', 'WILDER', 'BALBIN', 'PAUCAR', 'JR. GRAU Nº334', '10', '966768566', 3, NULL, NULL),
(621, '10450292139', 'JHONATAN CARLOS', 'ARAUZO', 'VIVAS', 'JR. GRAU Nº334', '10', '933359413', 3, NULL, NULL),
(622, '10404766215', 'WULLIAN', 'HUAMANI', 'LAGOS', 'JR. GRAU Nº354', '10', '959280855', 3, NULL, NULL),
(623, '10199697329', 'MIGUEL', 'ARAUCO', 'VILLAVERDE', 'JR. MIGUEL GRAU Nº354', '10', '910374270', 3, NULL, NULL),
(624, '10477005932', 'KELY', 'VIVAS', 'IBARRA', 'JR. GRAU Nº305', '10', '960697266', 3, NULL, NULL),
(625, '10456405407', 'CARMEN ANGELICA', 'DAMIAN', 'CASO', 'JR. GRAU Nº310', '10', '981925234', 3, NULL, NULL),
(626, '10467284423', 'CARHUALLANQUI', 'QUISPE', 'LIZ', 'JR. GRAU Nº318', '10', '959410868', 3, NULL, NULL),
(627, '10434957660', 'RIOS', 'TORRES', 'JUSVEL', 'JR. BARTOLOME GUERRA Nº112', '10', '987500927', 2, NULL, NULL),
(628, '10454706493', 'KEYLA', 'HUAMAN', 'VILLA', 'JR. ALONSO MERCADILLO Nº424', '10', '994560384', 5, NULL, NULL),
(629, '10458753551', 'FREDY', 'ARMAS', 'QUISPEALAYA', 'jr. bolognesi s/n', '10', '941143311', 33, NULL, NULL),
(630, '10902710', 'ALVARADO', 'SALVADOR', 'RUVELA', 'JR. ALONSO MERCADILLO Nº426', '10', '920258105', 5, NULL, NULL),
(631, '10424083009', 'CARHUAMACA', 'BERROCAL', 'RUTH', 'JR. ALONSO MERCADILLO Nº289', '10', '972044778', 6, NULL, NULL),
(632, '1063001348', 'kely', 'huanalaya', 'calixto', 'jr bolognesi s/n', '10', '941669606', 33, NULL, NULL),
(633, '72425194', 'MIGUEL', 'HUAMAN', 'ALIAGA', 'JR. ALONSO MERCADILLO Nº292', '10', '967125114', 6, NULL, NULL),
(634, '1046896889', 'rudian', 'macha', 'oteo', 'jr san framsisco', '10', '191597257', 33, NULL, NULL),
(635, '10200060798', 'ROMANI', 'TITO', 'MARCELINA', 'JR. ALONSO MERCADILLO Nº333', '10', '982141401', 6, NULL, NULL),
(636, '10750543637', 'JOSE LUIS', 'PALOMINO', 'HUAMAN', 'JR. ALONSO MERCADILLO Nº313', '10', '', 6, NULL, NULL),
(637, '20568444737', 'DE AHORRO Y CRÉDITO', 'DEL CENTRO', 'S.A', 'JR. ALONSO MERCADILLO Nº326', '10', '996699290', 6, NULL, NULL),
(638, '75421909', 'JOSEPH ALESSANDRO', 'LEIVA', 'RODRIGUEZ', 'JR ALONSO MERCADILLO Nº326', '10', '966185907', 6, NULL, NULL),
(639, '10712133151', 'ESTEBAN', 'CHOQUE', 'KATERIN', 'JR, ALONSO MERCADILLO Nº336', '10', '960802287', 6, NULL, NULL),
(640, '20608148222', 'INVERSIONES', 'E.I', 'R.L', 'JR. ALONSO MERCADILLO Nº334', '10', '982659690', 6, NULL, NULL),
(641, '70784552', 'LEODAN', 'DOMINGUEZ', 'CALLE', 'JR ALONSO MERCADILLO Nº', '10', '990992264', 6, NULL, NULL),
(642, '10200072354', 'NORMA', 'BAQUERIZO', 'TAIPE', 'JR. GRAU Nº499', '10', '949764331', 6, NULL, NULL),
(643, '10443929318', 'VILLAVERDE UNTIVEROS JAZMINA LILIANA', 'VILLAVERDE', 'UNTIVEROS', 'JR. GRAU Nº501', '10', '928232340', 6, NULL, NULL),
(644, '10421941535', 'ELOY JESUS', 'CCOICCA', 'MEZA', 'JR.FRANCISCO BOLOGNESI S/N - CHUPACA', '18 M2', '923024762', 33, NULL, NULL),
(645, '10200914835', 'ediht', 'espinoza', 'garcia de yauri', 'jr. bolognesi s/n', '10', '913537900', 33, NULL, NULL),
(646, '70166472', 'luis alverto', 'ORELLANA', 'SOLEANA', 'AV. ARGENTINA N° 103', '10', '980142672', 33, NULL, NULL),
(647, '43528624', 'NANCY', 'ORE', 'OCHOA', 'JR. LOS SAUCES S/N', '10', '', 33, NULL, NULL),
(648, '40959940', 'ISABEL', 'OTENCIO', 'MANTURANO', 'JR. LOS SAUCES S/N', '10', '979352295', 33, NULL, NULL),
(649, '09582422', 'MIRIAN DORIS', 'SORIA', 'TAPIA', 'JR. LOS SAUCES S/N', '10', '989900295', 33, NULL, NULL),
(650, '10407038555', 'KETY', 'GAVINO', 'ALIAGA', 'JR. DEMETRIO MARAVI S/N - CHUPACA', '90 M2', '998725258', 3, NULL, NULL),
(651, '0', 'PATRICIA', 'NAVARRO', 'HUAMAN', 'JR. GIRASOLES S/N', '10', '903063836', 33, NULL, NULL),
(652, '10200934020', 'RUTH JANETH', 'BELTRAN', 'GAVINO', 'JR. LOS OLIVOS S/N - BARRIO LAS MALVINAS - CHUPACA', '12 M2', '914291917', 33, NULL, NULL),
(653, '0', 'ROSA', 'RODRIGUEZ', 'ESPINOZA', 'AV ARGENTINA N°845', '10', '954076980', 33, NULL, NULL),
(654, '0', 'MIRIAN SOLEDAD', 'TOVAR', 'ALIAGA', 'JR LA CANTUTA N°250', '10', '97844993', 33, NULL, NULL),
(655, '10444937519', 'CASTILLO', 'CALIXTO', 'EDISON', 'JR. MANCHEGO MUÑOZ S/N - BUENOS AIRES - CHUPACA', '48 M2', '987586883', 33, NULL, NULL),
(657, '10476679252', 'CINTYA KELLY', 'VEGA', 'RODRIGUEZ', 'AV. ARGENTINA N° 596', '10', '964080703', 33, NULL, NULL),
(658, '0', 'MARILUZ', 'PIUÑAS', 'ALIAGA', 'AV. ARGENTINA 1311', '10', '937067555', 33, NULL, NULL),
(659, '0', 'FLOR', 'ROJAS', 'FERNANDEZ', 'AV. LOS LIBERTADORES S/N', '10', '946285263', 33, NULL, NULL),
(660, '10419151586', 'ESPINOZA', 'LOZANO', 'EUGENIA MADIC', 'JR. MARIA MIRANDA Nº521 - BARRIO LA LIBERTAD - CHUPACA', '15 M2', '994053839', 8, NULL, NULL),
(661, '0', 'ROSALINDA', 'SAMANIEGO', 'BELLASCO', 'AV. ARGENTINA N°610', '10', '915012307', 33, NULL, NULL),
(662, '10204337034', 'ADELAIDA MONICA', 'TACZA', 'DAMIAN', 'AV ARGENTINA 1238', '10', '993924799', 33, NULL, NULL),
(663, '0', 'KETY', 'ROCHA', 'MELGAR', 'AV ARGENTINA 612', '10', '913822612', 33, NULL, NULL),
(664, '10427272082', 'BETHSI', 'ARMAS', 'CHUQUILLANQUI', 'AV ARGENTINA S/N', '10', '982282250', 33, NULL, NULL),
(665, '10163001158', 'BENITES', 'LUCAS', 'CLODOMIRO PERCI', 'JR. BENIGNO DORREGARAY Nº198 - CHUPACA', '16 M2', '944699706', 8, NULL, NULL),
(666, '0', 'ROSA', 'CASTRO', 'CARRISO', 'AV ARGENTINA', '10', '0', 33, NULL, NULL),
(667, '10104745674', 'MARIVEL CATTI', 'RAMIREZ', 'DIONISIO', 'JR. MANCHEGO MUÑOS S/N', '10', '964755704', 33, NULL, NULL),
(668, '0', 'CARLOS', 'AGUILAR', 'AGUANO', 'JR MANCHEGO MUÑOS', '10', '987243480', 33, NULL, NULL),
(669, '0', 'EDISON', 'CASTILLO', 'CALIXTO', 'JR. MANCHEGO MUÑOS S/N', '10', '957521112', 33, NULL, NULL),
(670, '0', 'OTILIA', 'PAULINO', 'RAMOS', 'JR MANCHEGO MUÑOS', '10', '977221398', 33, NULL, NULL),
(671, '0', 'ROLANDO', 'MUERAS', 'PUIPIALLI', 'JR. MANCHEGO MUÑOS', '10', '926719693', 33, NULL, NULL),
(672, '10761689598', 'SOCUALAYA', 'ZUASNABAR', 'ANGELA LEONORA', 'JR. BENIGNO DORREGARAY Nº 598 - BARRIO LA VICTORIA - CHUPACA', '12 M2', '988507653', 6, NULL, NULL),
(673, '0', 'BACILICA', 'DAMIAN', 'INGA', 'AV ARGENTINA', '10', '964493400', 33, NULL, NULL),
(674, '0', 'GLORIA MARINA', 'RENGIFO', 'P', 'AV. ARGENTINA 922', '10', '971758616', 33, NULL, NULL),
(675, '0', 'GISELA', 'CANTO', 'QUISPE', 'AV ARGENTINA', '10', '989786932', 33, NULL, NULL),
(676, '10466686358', 'SALVATIERRA', 'MADUEÑO', 'LIZ MARIELA', 'JR. ANTONIO RAIMONDI S/N - CHUPACA', '30 M2', '916044033', 6, NULL, NULL),
(677, '10040293430', 'HECTOR', 'ZEVALLOS', 'MELLADO', 'AV. PROGRESO', '10', '941791249', 33, NULL, NULL),
(678, '0', 'EMILIA', 'GALAN', 'ALARCON', 'AV ARGENTINA', '10', 'V', 33, NULL, NULL),
(679, '0', 'AQUILINA', 'REYES', 'VIUDA DE MUNGUIA', 'AV. ARGENTINA', '10', '980901593', 33, NULL, NULL),
(680, '10736564471', 'VILLANUEVA', 'QUISPE', 'ADRIANA', 'JR. SAN MARTIN S/N- BARRIO CARMEN ALTO - CHUPACA', '15 M2', '948979803', 3, NULL, NULL),
(681, '10736564471', 'VILLANUEVA', 'QUISPE', 'ADRIANA', 'JR. SAN MARTIN S/N- BARRIO CARMEN ALTO - CHUPACA', '15 M2', '948979803', 3, NULL, NULL),
(682, '0', 'DONATO', 'MALLQUI', 'LAPA', 'AV. ARGENTINA 1248', '10', '994581046', 33, NULL, NULL),
(683, '0', 'JESUS', 'MELGAR', 'CERRON', 'AV ARGENTINA', '10', '952511525', 33, NULL, NULL),
(684, '0', 'LUIS', 'MELGAR', 'CERRON', 'AV ARGENTINA', '10', '965372399', 33, NULL, NULL),
(685, '0', 'ALBERTA', 'MELGAR', 'CERRON', 'AV ARGENTINA', '10', '982281371', 33, NULL, NULL),
(686, '0', 'STEFANI', 'PACHECO', 'CALDERON', 'JR. BLENKER', '10', '944233296', 33, NULL, NULL),
(687, '0', 'MARIA', 'CARDENAS', 'CALDERON', 'JR BLENKER', '10', '0', 33, NULL, NULL),
(688, '0', 'LINA', 'SEDANO', 'YAÑES', 'JR BLENKER', '10', '955701146', 33, NULL, NULL),
(689, '0', 'ISABEL', 'ESPIRITU', 'CASTAÑEDA', 'JR. BLENKER', '10', '962626840', 33, NULL, NULL),
(690, '0', 'ANA', 'HUACHO', 'QUISPE', 'JR. BLENKER', '10', '0', 33, NULL, NULL),
(691, '0', 'FLORENCIA', 'CAMAYO', 'SOTO', 'JR BLENKER', '10', '927479318', 33, NULL, NULL),
(692, '0', 'ANA SOLEDAD', 'ALVARADO', 'ALIAGA', 'CALLE SAN MARTIN S/N', '10', '942681403', 33, NULL, NULL),
(693, '0', 'FLOR', 'LAPA', 'CALLE', 'AV CIRCUITO MIRAFLORES', '10', '939205010', 33, NULL, NULL),
(694, '0', 'ROSA', 'BRUNO', 'HUAYRE', 'JR ORQUIDEAS S/N', '10', '932626994', 33, NULL, NULL),
(695, '0', 'JULIA', 'ORDOÑES', 'ARMAS', 'PROLOMGACION LAS ORQUIDEAS', '10', '944803998', 33, NULL, NULL),
(696, '10409599406', 'ATENCIO', 'MANTURANO', 'ISABEL NORA', 'JR. LOS SAUCES S/N - PARADERO 9 - CHUPACA', '24 M2', '979352295', 33, NULL, NULL),
(697, '0', '', '', '', '', '', '', 33, NULL, NULL),
(698, '0', 'MARIA', 'LEON', 'PALADIN', 'CALLE MANUEL PALACIOS', '10', '967388316', 33, NULL, NULL),
(699, '0', 'SONIA', 'PAUCAR', 'TAIPE', 'JR. MANUEL PALACIOS', '10', '993064251', 33, NULL, NULL),
(700, '0', 'FRANCISCO', 'TAMIQUEZ', 'LAURO', 'JR. MANUEL PALACIOS', '10', '992698681', 33, NULL, NULL),
(701, '0', 'AMERICA', 'GALVAN', 'CASALLO', 'JR MANUEL PALACIOS', '10', '983840515', 33, NULL, NULL),
(702, '0', 'MAGALI', 'LOVERA', 'CALIXTO', 'JR. MANUEL PALACIOS', '10', '981037011', 33, NULL, NULL),
(703, '0', 'YULI', 'CHUQUILLANQUI', 'MOLINA', 'PSJ. SANTA ROSA', '10', '940984540', 33, NULL, NULL),
(704, '0', 'FREDY', 'RICSE', 'C', 'JR. MANUEL PALACIOS', '10', '967339970', 33, NULL, NULL),
(705, '0', 'C', 'C', 'C', 'JR MANUEL PALACIOS', '10', '946998269', 33, NULL, NULL),
(706, '0', 'EDITH', 'TEJEDA', 'ROMAN', 'PSJ. SAN MARTIN', '10', '964321411', 33, NULL, NULL),
(707, '0', 'PAULINA', 'HUAMAN', 'S', 'AV 28 DE JULIO', '10', '991510007', 33, NULL, NULL),
(708, '0000', '.....', '...', '...', '....', '...', '....', 6, NULL, NULL),
(709, '0', 'JIMY', 'INGA', 'A', 'AV INTEGRACION', '10', '959214410', 33, NULL, NULL),
(710, '10200928216', 'FELICITA TIOFILA', 'LOVERA', 'DIONICIO', 'JR. LOS GLADIOLOS - CHUPACA', '12 M2', '965825781', 33, NULL, NULL),
(711, '0', 'ADRIANA', 'SOLANO', 'CLEMENTE', 'JR LOS LIBERTADORES', '10', '982284863', 33, NULL, NULL),
(712, '10412625710', 'MARY ESTHER', 'BASTIDAS', 'ALVARADO', 'JR LOS LIBERTADORES S/N - CHUPACA', '27 M2', '935837560', 33, NULL, NULL),
(713, '10438566215', 'FLOR MARIA', 'AVILES', 'SOVERO', 'PROL. LAS ORQUIDEAS S/N - CHUPACA', '24 M2', '983134297', 3, NULL, NULL),
(714, '10212537531', 'ELSA CARMELA', 'LAZARO', 'BARRA DE VILLENA', 'JR. PETRONA APOALAYA Nº 350 - CHUPACA', '2 M2', '974696151', 3, NULL, NULL),
(715, '10443105307', 'ELVA', 'DAMIAN', 'HUAIRE', 'JR. MIGUEL GRAU Nº283 - CHUPACA', '20 M2', '921929563', 3, NULL, NULL),
(716, '10447960694', 'FRANKLIN JIM', 'ALIAGA', 'MEDRANO', 'JR. MARIA MIRANDA N° 590 - CHUPACA', '50M2', '956020588', 8, NULL, NULL),
(717, '10413293974', 'FLOR OFELIA', 'QUISPE', 'CASTILLO', 'JR SAN MARTIN Nº185 - CARMEN ALTO - CHUPACA', '25 M2', '960808914', 3, NULL, NULL),
(718, '10199889716', 'EUGENIA', 'DE LA CRUZ', 'CAMAYO', 'AV. PETRONA APOLAYA S/N CHUPACA', '2.5 M2', '963471259', 3, NULL, NULL),
(719, '10204335007', 'OTILIA EDELMIRA', 'PAULINO', 'RAMOS', 'JR MANCHEGO MUÑOS Nº210', '10', '977221398', 33, NULL, NULL),
(720, '10199066591', 'FLORA MARIA', 'SOTOMAYOR', 'DE CERRON', 'JR. BRUNO TERREROS Nº915 - CHUPACA', '20 M2', '964054366', 6, NULL, NULL),
(721, '10438566207', 'MIRIAM MARLEN', 'ROJAS', 'SANTANA', 'JR. BENIGNO DORREGARAY Nº800 - CHUPACA', '30 M2', '985954874', 8, NULL, NULL),
(722, '10466630344', 'JESUS ALEJANDRITO', 'CASTILLO', 'LAZO', 'JR. ALONSO MERCADILLO N°441 - CHUPACA', '394.573 M2', '975777054', 8, NULL, NULL),
(723, '20100030595', 'BANCO', 'DE LA', 'NACIÓN', 'JR. BRUNO TERREROS N° 420 - CHUPACA', '122.53 M2', '064-43902', 8, NULL, NULL),
(724, '10434948644', 'JUAN CARLOS', 'AGUILAR', 'AQUINO', 'JR. MANCHEGO MUÑOS S/N - CHUPACA', '48 M2', '987243480', 33, NULL, NULL),
(725, '10455506498', 'CLAUDIA YVONNE', 'ALLCA', 'FLORES', 'JR. PETRONA APOLAYA Nº 492 - CHUPACA', '48 M2', '953894770', 5, NULL, NULL),
(726, '10469646772', 'QUISPE', 'DIAZ', 'JENIFER MARGARITA', 'JR. MARISCAL CACERES S/N - CHUPACA', '40 M2', '957367375', 1, NULL, NULL),
(727, '10707860133', 'HELMAN ERNIC', 'ALEJANDRO', 'SALAZAR', 'AV. MARIA MIRANDA S/N - CHUPACA', '20 M2', '980991759', 6, NULL, NULL),
(728, '10429134701', 'SEDANO', 'YAÑEZ', 'LINA NEVENKA', 'JR. BLENKER S/N - BARRIO BUENOS AIRES - CHUPACA', '9 M2', '955701146', 1, NULL, NULL),
(729, '10199000921', 'ARTURO EDUVINO', 'HINOSTROZA', 'ALIAGA', 'JR. 09 DE OCTUBRE S/N - BARRIO COMUN- CHUPACA', '18 M2', '933828129', 6, NULL, NULL),
(730, '10452738797', 'PATRICIA DOLORES', 'SAMANIEGO', 'DAMIAN', 'JR. LA CANTUTA S/N - CHUPACA', '12 M2', '959487977', 33, NULL, NULL),
(731, '10422161011', 'MARIBEL', 'AQUINO', 'ORELLANA', 'AV. ARGENTINA Nº1194 - BUENOS AIRES - CHUPACA', '18.36 M2', '966487188', 33, NULL, NULL),
(732, '10422161011', 'MARIBEL', 'AQUINO', 'ORELLANA', 'AV. ARGENTINA Nº1194 - BUENOS AIRES - CHUPACA', '16.66', '966487188', 33, NULL, NULL),
(733, '10465788432', 'HENRRY', 'PORRAS', 'MATOS', 'JR. BRUNO TERREROS Nº371 - CHUPACA', '50 M2', '931396300', 8, NULL, NULL),
(734, '10782044830', 'LUCIA', 'CHAVEZ', 'ALVARADO', 'JR. MANUEL PALACION S/N - BARRIO AZANA - CHUPACA', '9 M2', '963719845', 5, NULL, NULL),
(735, '10198592604', 'ROSA', 'BRAVO', 'POMA', 'JR. RAMON CASTILLA Nº 248', '13 M2', '900791020', 6, NULL, NULL),
(736, '10407753327', 'FRANCISCA', 'ENRIQUEZ', 'LAURA DE RAMOS', 'JR. MANUEL PALACIOS S/N - CHUPACA', '20 M2', '993698681', 5, NULL, NULL),
(737, '10200821829', 'ENEDINA ROSA', 'RODRIGUEZ', 'ESPINOZA', 'AV, ARGENTINA Nº849 - BARRIO BUENOS AIRES - CHUPACA', '20 M2', '954076980', 33, NULL, NULL),
(738, '20611612568', 'SONRYMEL MULTISERVICIOS', 'E INVERSIONES', 'SOCIEDAD ANONIMA CERRADA', 'JR. BARTOLOME GUERRA Nº118 - CHUPACA', '45 M2', '935690792', 8, NULL, NULL),
(739, '10488137986', 'MARIELA', 'QUIÑONES', 'PORRAS', 'JR. BENIGNO DORREGARAY S/N - CHUPACA', '25 M2', '920884638', 6, NULL, NULL),
(740, '10488137986', 'MARIELA', 'QUIÑONES', 'PORRAS', 'JR. BENIGNO DORREGARAY S/N - CHUPACA', '25 M2', '920884638', 6, NULL, NULL),
(741, '10426306927', 'LILI YURY', 'CAMAYO', 'SALVATIERRA', 'JR. SANTOS BRAVO Nº918 - CHUPACA', '9 M2', '931301982', 6, NULL, NULL),
(742, '10617202102', 'NINFA AIDA', 'OSORES', 'CUEBA', 'JR. ECHENIQUE Nº827 - CHUPACA', '40 M2', '900096004', 6, NULL, NULL),
(743, '10201030493', 'JACKELINE', 'SANCHEZ', 'CASTILLO', 'JR. MARIA MIRANDA Nº486 - CHUPACA', '8 M2', '992719563', 8, NULL, NULL),
(744, '10759860646', 'KATHERINE GIANINA', 'JUSTANO', 'HUAMAN', 'AV. ETERNIDAD Nº104 - CHUPACA', '27 M2', '983017085', 2, NULL, NULL),
(745, '10199048339', 'AYDE JULIA', 'OLIVERA', 'MADUEÑO', 'JR. SANTOS BRAVO Nº832 - CHUPACA', '4 M2', '901671365', 6, NULL, NULL),
(746, '10443530377', 'SOLEDAD NANCY', 'GASPAR', 'ROJAS', 'JR. BRUNO TERREROS S/N  CHUPACA', '16 M2', '968477816', 6, NULL, NULL),
(747, '10198502877', 'GUSTAVO FRANCISCO', 'ORELLANA', 'INDIGOYEN', 'JR. BRUNO TERREROS Nº765 - CHUPACA', '12 M2', '934975013', 6, NULL, NULL),
(748, '10704958981', 'FIORELLA STEFANI', 'QUISPE', 'BONILLA', 'JR. ANDREA ARAUCO Nº485 - CHUAPACA', '50 M2', '964766875', 8, NULL, NULL),
(749, '10101846763', 'JAKELINE MARILU', 'ROMERO', 'ALIAGA', 'AV. LOS HEROES Nº925 - CHUPACA', '95 M2', '960183149', 8, NULL, NULL),
(750, '10447367951', 'YENY YANINA', 'MARAVI', 'GAVINO', 'AV. LOS HEROES S/N - CHUPACA', '35 M2', '925557778', 8, NULL, NULL),
(751, '10741572228', 'DORITA', 'QUISPEALAYA', 'ROJAS', 'AV. MARIA MIRANDA S/N - LA LIBERTAD - CHUPACA', '8 M2', '919619005', 8, NULL, NULL),
(752, '10753234484', 'SMITH FREDY', 'DIAZ', 'QUINTO', 'AV. MARISCAL GAMARRA Nº247 - CHUPACA', '20 M2', '936476762', 4, NULL, NULL),
(753, '10753234484', 'SMITH FREDY', 'DIAZ', 'QUINTO', 'AV. MARISCAL GAMARRA Nº247 - CHUPACA', '20 M2', '936476762', 4, NULL, NULL),
(754, '10800135350', 'MARCIA', 'CARHUARICRA', 'ALVAREZ', 'JR, SAN MARTIN Nº 618- BARRIO CARMEN ALTO - CHUPACA', '18 M2', '948884633', 3, NULL, NULL),
(755, '10800135350', 'MARCIA', 'CARHUARICRA', 'ALVAREZ', 'JR, SAN MARTIN Nº 618- BARRIO CARMEN ALTO - CHUPACA', '18 M2', '948884633', 3, NULL, NULL),
(756, '10199065039', 'PEDRO JAIME', 'VERASTEGUI', 'VERASTEGUI', 'JR. ALONSO MERCADILLO Nº 620 - BARRIO CARMEN ALTO - CHUPACA', '25 M2', '901546719', 3, NULL, NULL),
(757, '10801218984', 'REYDHA LUZ', 'ROMERO', 'CALERO', 'AV. ETERNIDAD S/N - BARRIO LA PERLA - CHUPACA', '18 M2', '984559437', 9, NULL, NULL),
(758, '10429122134', 'MIRIAM', 'VILCHEZ', 'ANGELES', 'AV. LOS HEROES Nº118', '45 M2', '925059792', 8, NULL, NULL),
(759, '10736657631', 'SANDRA KELLY', 'GARAYAR', 'DAMIAN', 'JR. JOSE MARIA FLORES S/N - CHUPACA', '45 M2', '957613725', 2, NULL, NULL),
(760, '10484254694', 'ANA LAURA', 'ARMAS', 'GUERRA', 'JR. ANTONIO RAYMONDI Nº771 - CHUPACA', '8 M2', '938142666', 6, NULL, NULL),
(761, '10198739150', 'ELSA BETHY', 'ROMAN', 'CONDEZO', 'JR. SANTOS BRAVO Nº636 - CHUPACA', '9 M2', '955258649', 6, NULL, NULL),
(762, '10199004480', 'GRACIANO', 'ARMAS', 'QUISPEALAYA', 'AV. CIRCUNVALACIÓN S/N - CHUPACA', '15 M2', '939013415', 3, NULL, NULL),
(763, '10484463447', 'MARLENE KATERIN', 'SULLUCHUCO', 'CORDOVA', 'AV. CIRCUNVALACIÓN Nº1799 - CHUPACA', '15 M2', '900372923', 3, NULL, NULL),
(764, '10199068852', 'AURORA MAURA', 'SUAZO', 'COCHACHI', 'AV. BRUNO TERREROS Nº197 - CHUPACA', '12 M2', '904913567', 2, NULL, NULL),
(765, '20611540583', 'INVERSIONES MARIA', 'SPORT EMPRESA INDIVIDUAL DE', 'RESPONSABILIDAD LIMITADA', 'JR. BENIGNO DORREGARAY Nº366 - CHUPACA', '40 M2', '972512469', 8, NULL, NULL),
(766, '10475356310', 'ZERMA VERONICA', 'MONTES', 'ROJAS', 'AV. LOS HEROES Nº207 - CHUPACA', '3.37 M2', '913472593', 8, NULL, NULL),
(767, '10400560591', 'ROCIO RODITH', 'VERASTEGUI', 'QUIÑONES', 'JR. BENIGNO DORREGARAY Nº624 - CHUPACA', '39.08', '959725945', 6, NULL, NULL),
(768, '10163075283', 'ROOSELL HERFOR', 'FERNANDEZ', 'GAGO', 'JR. CALLABALLAURI S/N - CHUPACA', '40 M2', '962431001', 33, NULL, NULL),
(769, '20608878247', 'DONATO IVAN', 'MALLQUI', 'LAPA', 'AV, ARGENTINA Nº1248 - CHUPACA', '30 M2', '994581046', 33, NULL, NULL),
(770, '10402583474', 'CROVER ALCIDES', 'TRUJILLO', 'ROMAN', 'AV. ANDRES AVELINO CACERES S/N', '15 M2', '964795492', 1, NULL, NULL),
(771, '10701809811', 'MARILYN KIARA', 'DIAZ', 'YUPAN', 'JR. BRUNO TERREROS C/ SANTOS B.', '30 M2', '982971687', 6, NULL, NULL),
(772, '10737637129', 'ALMENDRA LIZA', 'INGA', 'MACHACUAY', 'JR, JUAN PABLO S- S/N B.PERLA', '29 M2', '989017035', 9, NULL, NULL),
(773, '10733188648', 'ANGELA JENIFER', 'DAMIAN', 'RAMIREZ', 'JR. BRUNO TERREROS Nº135 CHUPAC', '7 M2', '902193440', 2, NULL, NULL),
(774, '10722524115', 'FIORELLA ESTHER', 'PINCO', 'LAZO', 'JR. ANTONIO MARRO Y ECHENIQUE Nº299 - CHUPACA', '16 M2', '978032330', 5, NULL, NULL),
(775, '10473810609', 'BRYAN', 'LATOUR', 'PAUCAR', 'AV. ARGENTINA S/N - CHUPACA', '45 M2', '960467262', 33, NULL, NULL),
(776, '10729361751', 'RUTH FIORELLA', 'CANTARO', 'LAPA', 'JR. RUFINO ECHENIQUE S/N BARRIO AZANA', '9 M2', '', 5, NULL, NULL),
(777, '10433030813', 'FAVIAN ISRAEL', 'CULLANCO', 'SALAZAR', 'AV. LOS HEROES S/N BARRIO LA LIBERTAD', '40 M2', '975459958', 8, NULL, NULL),
(778, '10445432437', 'MARISOL RAQUEL', 'NEYRA', 'MUÑOZ', 'JR. BENIGNO DORREGARAY Nº250 - CHUPACA', '40 M2', '976479387', 8, NULL, NULL),
(779, '10465895701', 'OLINDA', 'ESPINOZA', 'PARIONA', 'JR. BRUNO TERREROS Nº345 - CHUPACA', '20 M2', '914862024', 8, NULL, NULL),
(780, '10419657170', 'JOEL RODY', 'ROSALES', 'CUEVA', 'JR. ALONSO MERCADILLO Nº 459', '34 M2', '987196866', 3, NULL, NULL),
(781, '10422049024', 'ELIDE NEYDA', 'PARIONA', 'PAUCAR', 'JR. MIGUEL GRAU Nº 246', '13 M2', '937140800', 3, NULL, NULL),
(782, '10199031169', 'FELIPA', 'CARDENAS', 'LUIS DE CONDEZO', 'JR. BARTOLOME GUERRA Nº499', '9 M2', '942921571', 3, NULL, NULL),
(783, '10200621781', 'EDY', 'ALIAGA', 'PATIÑO', 'AV. MARIA MIRANDA Nº752 - CHUPACA', '9 M2', '945553151', 6, NULL, NULL),
(784, '10731982444', 'ALEX ELVIS', 'ALVARADO', 'GALVAN', 'JR. MANUEL PALACIOS S/N SANTA ROSA CHUPACA', '9 M2', '903196838', 33, NULL, NULL),
(785, '10198732074', 'JESUS CARLOS', 'SOTO', 'RODRIGUEZ', 'AV. ETERNIDAD S/N CHUPACA', '50 M2', '964552856', 9, NULL, NULL),
(786, '10201093738', 'RICHER CLAUDIO', 'TACZA', 'ORIHUELA', 'JR. ALONSO MERCADILLO Nº632 - CHUPACA', '439.40 M2', '947156801', 5, NULL, NULL),
(787, '10733595766', 'LEIDY REBECA', 'INGA', 'SALVADOR', 'AV. ARGENTINA S/N BARRIO BUENOS AIRES CHUPACA', '45', '991500379', 33, NULL, NULL),
(788, '10199016682', 'WALTER JOSE', 'ORCON', 'OSEDA', 'AV. ARGENTINA S/N BARRIO BUENOS AIRES CHUPACA', '50 M2', '927884862', 33, NULL, NULL),
(789, '10444834434', 'PILAR LILIANA', 'ALFONSO', 'LAZO', 'AV. LOS HEROES Nº313 - CHUPACA', '24 M2', '966474144', 8, NULL, NULL),
(790, '20609550377', 'INVERSIONES DE LA CRUZ', 'M19 SOCIEDAD COMERCIAL', 'DE RESPONSABILIDAD LIMITADA', 'JR. MARISCAL CASTILLA Nº101- CHUPACA', '9 M2', '935992191', 2, NULL, NULL),
(791, '10200794520', 'MARISOL AUREA', 'AVELLANEDA', 'GABINO', 'JR. PETRONA APOLAYA Nº516 – CHUPACA', '30 M2', '954976099', 5, NULL, NULL),
(792, '20610739785', 'GRUPO', 'MONTERO´S', 'I EIRL', 'JR. ANDRE ARAUCO Nº263 - CHUPACA', '55,9', '950411462', 8, NULL, NULL),
(793, '10732015197', 'YOMIRA ISIDORA', 'CLEMENTE', 'MOLINA', 'AV. ARGENTINA Nº614 - CHUPACA', '37.5', '950334180', 33, NULL, NULL),
(794, '10163079556', 'YULE', 'CHUQUILLANQUI', 'MOLINA', 'PSJE. SANTA ROSA Nº192 - CHUPACA', '5 M2', '940984540', 33, NULL, NULL),
(795, '10198739001', 'ILMA NORMA', 'VIVAS', 'BAUTISTA', 'PSJ. SANTA ROSA Nº113 - CHUPACA', '12 M2', '922121977', 33, NULL, NULL),
(796, '10296651040', 'FLORENTINA MATILDE', 'TORRES', 'QUISPE', 'AV. LOS HEROES Nº 229', '16 M2', '975099194', 8, NULL, NULL),
(797, '10199789029', 'HERLINDA', 'GUERRERO', 'POMALAYA', 'JR. LIMA S/N-SAN JUAN-CHUPACA', '841.20 M2', '954466711', 4, NULL, NULL),
(798, '10457054331', 'MELADY YENSY', 'OCHOA', 'EGAS', 'JR. CUZCO S/N - CHUPACA', '12 M2', '995185110', 33, NULL, NULL),
(799, '10447912827', 'OSCAR IVAN', 'SOCUALAYA', 'ANTONIO', 'JR. BRUNO TERREROS Nº 717', '100', '989973169', 6, NULL, NULL),
(800, '10232120598', 'MARINA', 'LAVADO', 'DE CENTENO', 'CALLE MANUEL PALACIOS S/N', '9 M2', '936594780', 4, NULL, NULL),
(801, '10759713376', 'MHARELY', 'QUISPEALAYA', 'QUISPEALAYA', 'AV. LOS HEROES Nº 225', '15 M2', '900539973', 8, NULL, NULL),
(802, '20600729749', 'MICROBANK', 'PERU', 'S.A.C.', 'JR. BRUNO TERREROS S/N', '60 M2', '942720862', 3, NULL, NULL),
(803, '10200892131', 'GRACIELA FRECIA', 'GALVEZ', 'ZARATE', 'JR. BRUNO TERREROS Nº 255', '12 M2', '924282096', 8, NULL, NULL),
(804, '10199068917', 'OLINDA GRACIELA', 'VALENCIA', 'PARIONA', 'JR. MIGUEL GRAU Nº346;348-CHUPACA', '24M2', '961500426', 3, NULL, NULL),
(805, '10736625020', 'WALTER EDUARDO', 'NESTARES', 'CHUQUILLANQUI', 'JR. MARIA MIRANDA Nº 226', '120 M2', '919035936', 8, NULL, NULL),
(806, '10199037337', 'ELSA TEOFILA', 'ALIAGA', 'CASTILLO', 'JR. BENIGNO DORREGARAY S/N', '100 M2', '959956811', 10, NULL, NULL),
(807, '20608430301', 'BOTICAS', 'IP', 'S.A.C.', 'JR. MIGUEL GRAU Nº 414', '54.80 M2', '944827209', 8, NULL, NULL),
(808, '20608430301', 'BOTICAS', 'IP', 'S.A.C.', 'JR. MIGUEL GRAU Nº 414', '54.80 M2', '944827209', 8, NULL, NULL),
(809, '20608430301', 'BOTICAS', 'IP', 'S.A.C.', 'JR. MIGUEL GRAU Nº 414', '54.80 M2', '944827209', 8, NULL, NULL),
(810, '20608430301', 'BOTICAS', 'IP', 'S.A.C.', 'JR. MIGUEL GRAU Nº 414', '54.80 M2', '944827209', 8, NULL, NULL),
(811, '20608430301', 'BOTICAS', 'IP', 'S.A.C.', 'JR. MIGUEL GRAU Nº 414', '54.80 M2', '944827209', 8, NULL, NULL),
(812, '20608430301', 'BOTICAS', 'IP', 'S.A.C.', 'JR. MIGUEL GRAU Nº 414', '54.80 M2', '944827209', 8, NULL, NULL),
(813, '20608430301', 'BOTICAS', 'IP', 'S.A.C.', 'JR. MIGUEL GRAU Nº 414', '54.80 M2', '944827209', 8, NULL, NULL),
(814, '20608430301', 'BOTICAS', 'IP', 'S.A.C.', 'JR. MIGUEL GRAU Nº 414', '54.80 M2', '944827209', 8, NULL, NULL),
(815, '20608430301', 'BOTICAS', 'IP', 'S.A.C.', 'JR. MIGUEL GRAU Nº 414', '54.80 M2', '944827209', 8, NULL, NULL),
(816, '20608430301', 'BOTICAS', 'IP', 'S.A.C.', 'JR. MIGUEL GRAU Nº 414', '54.80 M2', '944827209', 8, NULL, NULL),
(817, '20608430301', 'BOTICAS', 'IP', 'S.A.C.', 'JR. MIGUEL GRAU Nº 414', '54.80 M2', '944827209', 8, NULL, NULL),
(818, '20608430301', 'BOTICAS', 'IP', 'S.A.C.', 'JR. MIGUEL GRAU Nº 414', '54.80 M2', '944827209', 8, NULL, NULL),
(819, '20486111764', 'WANDER', 'S A', 'C', 'AV. ETERNIDAD Nº 1131', '1,171.00 M2', '970083245', 9, NULL, NULL),
(820, '10419390084', 'CESAR', 'ZEVALLOS', 'ORTIZ', 'AV.ARGENTINA Nº 1037', '20 M2', '966245765', 33, NULL, NULL),
(821, '10453000759', 'NORMA', 'ZEVALLOS', 'ORTIZ', 'AV. ARGENTINA Nº   1035', '20 M2', '947010125', 33, NULL, NULL),
(822, '20608552261', 'GRUPO', 'LABORUM', 'SAC', 'JR. RUFINO ECHENIQUE Nº 820', '100', '', 6, NULL, NULL),
(823, '20611772573', 'CONSORCIO EDUCATIVO', 'JOHNS HOPKINS', 'DEL PERU E.I.R.L.', 'JR. BRUNO TERREROS Nº 583', '590.71 M2', '000000000', 6, NULL, NULL),
(826, '20611428686', 'PSEUTICALPHARMA', 'EI', 'RL', 'JR. ALONSO MERCADILLO Nº 319 - 325', '45 M2', '977831741', 6, NULL, NULL),
(827, '10415547477', 'EDER ARTURO', 'GRANDE', 'VILCA', 'JR. LOS GLADIOLOS S/N', '6 M2', '', 33, NULL, NULL),
(828, '10434719041', 'LUZMELDA GENARA', 'VILLANUEVA', 'RONDON', 'JR. RUFINO ECHENIQUE Nº800', '50 M2', '933031173', 6, NULL, NULL),
(829, '1047699830', 'JOSE ANTONIO', 'RICSE', 'VILCHEZ', 'AV. ARGENTINA Nº1303', '40 M2', '966244082', 33, NULL, NULL),
(830, '10199007675', 'SANTIAGO ALEJANDRO', 'NAVARRO', 'DAVIRAN', 'JR. BENIGNO DORREGARAY Nº 184', '30 M2', '958623890', 8, NULL, NULL),
(831, '10730277445', 'SILVIA KATERINE', 'CERRON', 'OCHOA', 'JR. BRUNO TERREROS Nº 361', '30 M2', '968267198', 8, NULL, NULL),
(832, '10457409589', 'LLICELA', 'RIOS', 'IZQUIERDO', 'JR. JOSE MARIA FLORES Nº 142', '40 M2', '900897427', 2, NULL, NULL),
(833, '10469615711', 'JULISA', 'ORIHUELA', 'MADUEÑO', 'JR. RUFINO ECHENIQUE  Nº 569', '36 M2', '968022373', 6, NULL, NULL),
(834, '10800219791', 'ENRIQUE', 'SEDANO', 'SEDANO', 'JR. ANTONIO RAYMONDI Nº1246', '100 M2', '931257177', 6, NULL, NULL),
(835, '10199028214', 'LUCILA', 'MARTINEZ', 'NINALAYA', 'PROL.ALONZO MERCADILLO Nº271', '30', '900791502', 8, NULL, NULL),
(836, '20605499288', 'FARADAY', 'CH', 'E.I.R.L.', 'JR. RUFINO ECHENIQUE Nº827', '20', '923036752', 8, NULL, NULL),
(837, '10429374117', 'DORIS', 'MAYTA', 'FARFAN', 'JR ANTONIO MARRO Nº177', '10', '968242381', 3, NULL, NULL),
(841, '10425448213', 'GELDER', 'PAULINO', 'VARA', 'JR. PETRONA APOLAYA Nº359', '40 M2', '958389064', 3, NULL, NULL),
(842, '10425448213', 'GELDER', 'PAULINO', 'VARA', 'JR. PETRONA APOLAYA Nº359', '40 M2', '958389064', 3, NULL, NULL),
(843, '10199380210', 'VILMA LURDES', 'CRISOSTOMO', 'RODRIGUEZ', 'AV. 28 DE JULIO S/N CHUPACA', '15 M2', '958582823', 33, NULL, NULL),
(844, '10200566357', 'DORIS', 'TOCAS', 'PAULINO', 'JR. MIGUEL GRAU 265 INT. 1', '164.46 M2', '993487835', 3, NULL, NULL),
(845, '1071068799', 'JHOSELYN', 'CERRON', 'PARIONA', 'JR. RUFINO ECHENIQUE', '20 M2', '906020565', 8, NULL, NULL),
(846, '20607088536', 'CJ INVERSIONES', 'E', 'IMPORTACIONES S.A.C.', 'JR. GRAU N° 402 - 2DO PISO', '60 M2', '992782540', 3, NULL, NULL),
(847, '1042462893', 'DELMA EUNICE', 'PABLO', 'TRINIDAD', 'JR. ALONSO MERCADILLO N° 210', '30 M2', '990628930', 6, NULL, NULL),
(848, '10719600196', 'CESAR SAUL', 'ÑAHUINCOPA', 'LANDEO', 'JR. ANDREA ARAUCO N° 299', '28.63 M2', '996383305', 8, NULL, NULL),
(849, '10760582889', 'ROCIO DEL PILAR', 'CARDENAS', 'LAZARO', 'PSJ. SAN JUAN S/N', '40M2', '923167110', 3, NULL, NULL),
(850, '10199164169', 'HECTOR HUGO', 'CRISOSTOMO', 'VELASQUEZ', 'JR. BRUNO TERREROS N°  300', '10 M2', '935789252', 8, NULL, NULL),
(851, '20612039446', 'AQUA MUNDO', 'OBISPO', 'EIRL', 'JR. PETRONA APOALAYA N° 499', '15 M2', '989444466', 3, NULL, NULL),
(852, '10704166996', 'NILTON PEDRO', 'PARIONA', 'SOTACURO', 'JR. BRUNO TERREROS N° 499', '25 M2', '921834527', 6, NULL, NULL),
(853, '10747786831', 'DIOVER', 'HUACHO', 'ICHPAS', 'JR. RAMON CASTILLA S/N', '36 M2', '972400881', 8, NULL, NULL),
(854, '10443105307', 'ELVA', 'DAMIAN', 'HUAIRE', 'JR. MIGUEL GRAU N° 283', '20 M2', '921929563', 3, NULL, NULL),
(855, '20600514572', 'MI CREDI', 'CASH', 'PYME SA', 'JR. BENIGNO DORREGARAY N°261', '36 M2', '979466088', 8, NULL, NULL),
(856, '10400987667', 'ANGELINA', 'CAPCHA', 'QUISPE', 'PSJ. SAN JUAN S/N', '40 M2', '939631610', 3, NULL, NULL),
(857, '10401617600', 'LISBETH ROCIO', 'MADUEÑO', 'CLAROS', 'JR. BENIGNO DORREGARAY S/N', '300 M2', '984399612', 6, NULL, NULL),
(858, '10740855943', 'CHRISTIAN JEANPIER', 'ARTICA', 'ROJAS', 'JR. BRUNO TERREROS N° 781', '15 M2', '956259327', 6, NULL, NULL),
(859, '10452371621', 'ANDERSON LINDER', 'MAYHUSCA', 'HUAYTA', 'JR. GRAU N° 440 2DO PISO', '44 M2', '935296526', 3, NULL, NULL),
(860, '10434957660', 'JUSVEL FABIAN', 'RIOS', 'TORRES', 'JR. BARTOLOME GUERRA ESQUINA CON BRUNO TERREROS', '90 M2', '98750927', 2, NULL, NULL),
(861, '10420347699', 'LUZ DIANETH', 'HUAIRE', 'FERNANDEZ', 'JR. ANTONIO RAYMONDI S/N', '9 M2', '947974655', 8, NULL, NULL),
(862, '20608951432', 'E y S', 'MAGICOS', 'RECUERDOS SAC', 'JR. ANDREA ARAUCO N°121', '54 M2', '955171249', 8, NULL, NULL),
(863, '10708045107', 'AMPARO DIANA', 'CLEMENTE', 'TACZA', 'AV. ARGENTINA N° 707', '25 M2', '967594827', 33, NULL, NULL),
(864, '10481724924', 'ALFONSO DOROTEO', 'HUAMAN', 'MACHUCA', 'AV. CHUPACA Y JR. 02 DE MAYO', '20  M2', '941364890', 2, NULL, NULL),
(865, '20602814875', 'ACADEMIA', 'PRE POLICIAL', 'CODIR  - DIECISIETE', 'PSJ. SAN PEDRO DE YAUYO', '80 M2', '989514822', 2, NULL, NULL),
(866, '20609198886', 'INVERSIONES', 'CENMAR', 'EIRL', 'JR. CRISTOBAL CALLABALLAURI 490', '4900.63 M2', '964651776', 33, NULL, NULL),
(867, '10713131046', 'MELIZA ROSMERY', 'GUERRERO', 'GARCIA', 'AV. CHUPACA S/N', '200 M2', '912688407', 2, NULL, NULL),
(868, '20130319913', 'EMPRESA DE TRANSPORTES', 'TEODORO PEÑALOZA', 'SAC', 'AV. LOS HEROES S/N CDRA. 20', '250', '964582163', 8, NULL, NULL),
(869, '10763630108', 'GABRIELA', 'TERRONES', 'ORDOÑEZ', 'JR. ALONSO MERCADILLO 232', '25 M2', '968511185', 6, NULL, NULL),
(870, '10725563316', 'WINNY ESTEFANI', 'PEÑA', 'DAMIAN', 'JR. PETRONA APOALAYA 579', '65 M2', '914504361', 5, NULL, NULL),
(871, '20610408100', 'SIERRACORP', 'SOCIEDAD', 'ANONIMA CERRADA', 'JR. BARTOLOME GUERRA 258', '40 M2', '987878703', 3, NULL, NULL),
(872, '10427169061', 'MARIN CLEMEN', 'MAVILA', 'DE LA CRUZ', 'AV. ARGENTINA S/N', '24 M2', '999128507', 33, NULL, NULL),
(873, '10764518166', 'MAYRA NAOMI', 'BONILLA', 'DIONISIO', 'JR. JOSE MARIA FLORES 323', '23 M2', '951032358', 2, NULL, NULL),
(874, '10713110618', 'HILDA CLARA', 'ANTIALON', 'LEON', 'JR. BRUNO TERREROS 2DO PISO', '120 M2', '960764233', 2, NULL, NULL),
(875, '20604196796', 'BERAKAH', 'INVERSIONES Y', 'CONSTRUCCIONES EIRL', 'JR. BRUNO TERREROS 288', '20 M2', '943834908', 8, NULL, NULL),
(876, '20611758619', 'COORPORACION DIOS ILUMINA NUESTRO', 'CAMINO AL EXITO DE HERMANOS', 'HURTADO CRUZ SAC', 'JR. JOSE MARIA FLORES N° 286', '32.61 M2', '', 3, NULL, NULL),
(877, '10200977454', 'MARIBEL', 'SANTANA', 'RIVERA', 'JR. BRUNO TERREROS 409', '88 M2', '988506584', 6, NULL, NULL),
(878, '20601007518', 'GRUPO', 'WAYAYO', 'EIRL', 'AV. MARISCAL CACERES CDR 2', '90 M2', '929517130', 2, NULL, NULL),
(879, '1041448349', 'GEMMA', 'PONCE', 'ESPIRITU', 'JR. GRAU 440', '60 M2', '988558982', 3, NULL, NULL),
(880, '20609551195', 'INVERSIONES', 'GENERALES', 'DIOMARCI SAC', 'JR. BRUNO TERREROS N° 201', '65 M2', '994568296', 8, NULL, NULL),
(881, '20612520616', 'PACIFIC', 'FINANCE', 'E.I.R.L.', 'JR. ANTONIO RAYMONDI S/N', '11.30 M2', '946376198', 6, NULL, NULL),
(882, '10423494757', 'CIRILO GERARDO', 'ROJAS', 'CAMAYO', 'AV. CIRCUNVALACION S/N', '35 M2', '978180377', 3, NULL, NULL),
(883, '10755708971', 'EDITH JAZMIN', 'CHOQUE', 'QUISPE', 'JR. ANDREA ARAUCO N° 334', '07 M2', '991780513', 8, NULL, NULL),
(884, '10718090763', 'JOYCE EVELIN', 'PALOMINO', 'CHANCAS', 'JR. BENIGNO DORREGARAY N° 660', '16 M2', '917582530', 8, NULL, NULL),
(885, '20114839176', 'CMAC .', 'CUSCO', 'S.A.', 'JR. BRUNO TERREROS N° 414   8VO PISO', '131.98 M2', '932734842', 8, NULL, NULL),
(886, '20114839176', 'INVERCIONES L &amp; C', 'SIGUIENDO MI CAMINO', 'E.I.R.L.', 'AV. INTEGRACION S/N', '220 M2', '981624058', 33, NULL, NULL),
(887, '10722160873', 'VILMA CASSANDRA', 'MENDOZA', 'VILCHEZ', 'JR. DAMASO CABALLERO N° 436', '83 M2', '943142914', 3, NULL, NULL),
(888, '20606969172', '17 DE NOVIEMBRE', 'SOCIEDAD', 'ANÓNIMA CERRADA', 'AV. ANDRÉS AVELINO CÁCERES S/N', '1567.63 M2', '964657081', 2, NULL, NULL),
(889, '10442930096', 'YUDIT', 'AMES', 'ESPINOZA', 'AV. ANDRES AVELINO CACERES S/N', '16 M2', '929734462', 2, NULL, NULL),
(890, '20608280333', 'COMPAÑIA', 'HARD DISCOUNT', 'S.A.C.', 'JR. PETRONA APOLAYA MZ. G5 LT. 35', '208.00 M2', '932047963', 5, NULL, NULL),
(891, '10471857802', 'ZARELLA ANTONELLA', 'ALIAGA', 'RUTTY', 'JR.BARTOLOME GUERRA N° 160', '40 M2', '958868110', 3, NULL, NULL),
(892, '10484639197', 'RUBER', 'AYUQUE', 'RAMOS', 'JR. BENIGNO DORREGARAY N° 446', '105 M2', '932968410', 6, NULL, NULL),
(893, '10724872374', 'SANDRO', 'QUISPEALAYA', 'CARRIZO', 'AV. ARGENTINA S/N', '25 M2', '932486335', 33, NULL, NULL),
(894, '10722638455', 'LESDY', 'PAQUIYAURI', 'HUINCHO', 'JR. BRUNO TERREROS N° 101', '80 M2', '945584446', 8, NULL, NULL),
(895, '10198672713', 'HAYDEE', 'ALIAGA', 'ARAUCO', 'AV. ETERNIDAD N° 104', '09 M2', '975395596', 9, NULL, NULL),
(896, '20611674776', 'GRUPO', 'CARSAL PERU', 'S.A.C.', 'JR. BRUNO TERREROS N° 1098', '380 M2', '932395586', 6, NULL, NULL),
(897, '10740632731', 'ROSMERI', 'HUAMAN', 'FERNANDEZ', 'JR. PETRONA APOLAYA N° 416', '24 M2', '990111008', 3, NULL, NULL),
(898, '10740632731', 'ROSMERI', 'HUAMAN', 'FERNANDEZ', 'PETRONA APOLAYA N° 416', '24M2', '990111008', 5, NULL, NULL),
(899, '10484477812', 'RICARDO DANIEL', 'BALVIN', 'BASTIDAS', 'AV. ETERNIDAD S/N', '253M2', '915927179', 9, NULL, NULL),
(900, '20606264551', 'MULTISERVICIOS DULCE', 'LICOR', 'E.I.R.L.', 'JR JOSE MARIA FLORES N° 185', '28 M2', '997592413', 6, NULL, NULL),
(901, '10198183666', 'FREDI ERNESTO', 'SAMANIEGO', 'CANO', 'AV. ETERNIDAD S/N', '08 M2', '979450237', 9, NULL, NULL),
(902, '10236401419', 'GIOVANNA LUZ', 'MERCADO', 'FLORES', 'JR. PETRONA APOLAYA N° 333', '20  M2', '988608017', 3, NULL, NULL),
(903, '10200812412', 'SILVIA', 'PEREZ', 'PAUCAR', 'JR. ANTONIO RAYMONDI S/N', '11 M2', '957259752', 9, NULL, NULL),
(904, '20505365217', 'EMPRESA DE TRANSPORTES', 'Y TURISMO', 'RARAZ SAC', 'JR. JOSE MARIA FLORES N° 156', '26.91 M 2', '', 3, NULL, NULL),
(905, '10471427433', 'SOLEDAD', 'DE LA CRUZ', 'AQUINO', 'JR. DAMASO CABALLERO N° 291', '80 M2', '902367307', 3, NULL, NULL),
(906, '10471427433', 'SOLEDAD', 'DE LA CRUZ', 'AQUINO', 'JR. DAMASO CABALLERO N° 291', '80 M2', '902367307', 3, NULL, NULL),
(907, '20612653373', 'MULTISERVICIOS', 'BASTIDAS', 'SAC', 'JR. JOSE MARIA FLORES S/N', '15 M2', '927931060', 3, NULL, NULL),
(908, '10198455160', 'HILARION RAUL', 'GUADALUPE', 'HUAMAN', 'JR. BRUNO TERREROS N° 301', '18 M2', '947618278', 8, NULL, NULL),
(909, '10420957659', 'MICHAEL ANTONIO', 'ARTEAGA', 'MAYOR', 'JR. PETRONA APOLAYA N° 560', '60M2', '978398416', 5, NULL, NULL),
(910, '20611637838', 'CORPORACION ANDINA', 'AVENTIS PERU', 'E.I.R.L.', 'JR. MARIA FLORES N°300', '50 M2', '960283061', 8, NULL, NULL);
INSERT INTO `tienda` (`idtienda`, `numruc`, `nombres_per`, `apellidop_per`, `apellidom_per`, `ubic_tienda`, `area_tienda`, `celular`, `id_zona`, `latitud`, `longitud`) VALUES
(911, '10200516163', 'JANET ROSALVINA', 'AYALA', 'GRANADOS', 'AV. ETERNIDAD S/N', '20 M2', '943962898', 9, NULL, NULL),
(912, '10466025769', 'MARIA SOLEDAD', 'SALAZAR', 'BARRETO', 'JR. BRUNO TERREROS N° 479', '16 M2', '940264439', 8, NULL, NULL),
(913, '20444430070', 'TAURUS COMPAÑIA', 'DE INVERSIONES', 'S.A.', 'JR. GRAU N° 599', '908.45 M2', '941996121', 10, NULL, NULL),
(914, '20444430070', 'TAURUS COMPAÑIA', 'DE INVERSIONES', 'S.A.', 'JR. GRAU N° 599', '908.45 M2', '941996121', 10, NULL, NULL),
(915, '10425590362', 'DONA', 'HERMOZA', 'OCHOA', 'JR. PETRONA APOLAYA N°520', '25 M2', '925662005', 5, NULL, NULL),
(916, '10476457594', 'YESELA', 'INGA', 'YAURI', 'JR. PETRONA APOLAYA S/N', '70M2', '925686384', 5, NULL, NULL),
(917, '10734716141', 'ANTONY ESTEVIN', 'RICSE', 'QUISPEALAYA', 'JR. BENIGNO DORREGARAY S/N', '36 M2', '931273698', 6, NULL, NULL),
(918, '10200128937', 'RAUL', 'SUAREZ', 'MERA', 'JR. PETRONA APOLAYA N° 574', '60 M2', '978607149', 5, NULL, NULL),
(919, '10484866690', 'LISBETH FLOR', 'VITANZO', 'ALBERTO', 'JR. JOSE MARIA FLORES N° 142', '16 M2', '956914253', 8, NULL, NULL),
(920, '10441895246', 'FREDY WALTHER', 'ALVARADO', 'ORDOÑEZ', 'JR. ALONSO MERCADILLO N° 383', '17 M2', '947268902', 8, NULL, NULL),
(921, '10451233373', 'ANGELICA LUZ', 'HUINCHO', 'BALTAZAR', 'JR. MIGUEL GRAU N° 528', '40M2', '924657480', 8, NULL, NULL),
(922, '10468977058', 'MAX', 'ORDAYA', 'CANO', 'JR. MIGUEL GRAU N° 292', '35 M2', '971111811', 3, NULL, NULL),
(923, '10439191410', 'KATTY MARITZA', 'BALBIN', 'CALDERON', 'JR. ALONSO MERCADILLO N°383', '15.68 M2', '996644424', 6, NULL, NULL),
(924, '20603793316', 'JSATEL', 'E.I.', 'R.L.', 'JR. MARISCAL GAMARRA S/N', '12 M2', '932395586', 3, NULL, NULL),
(925, '20610739785', 'GRUPO', 'MONTERO', 'S Y I EIRL', 'JR. ANDREA ARAUCO N° 260', '50 M2', '914899423', 8, NULL, NULL),
(926, '10763061324', 'ELVIS MAURO', 'QUIÑONEZ', 'ROJAS', 'JR. UBALDO S/N', '200 M2', '928451738', 2, NULL, NULL),
(927, '10763061324', 'ELVIS MAURO', 'QUIÑONEZ', 'ROJAS', 'JR. JOSE MARIA FLORES S/N', '30 M2', '928451738', 8, NULL, NULL),
(928, '20601638810', 'AGRO DISTRIBUCIONES', 'MAYRA', 'EIRL', 'JR. ANDREA ARAUCO N° 189', '60 M2', '932395586', 8, NULL, NULL),
(929, '20608280333', 'COMPANIA', 'HARD', 'DISCOUNT', 'AV. ALONSO MERCADILL N°121', '184', '991749222', 8, NULL, NULL),
(930, '10472212163', 'JUAN CARLOS', 'PECHO', 'ROMERO', 'JR. PETRONA APOLAYA N|556', '56', '985324113', 6, NULL, NULL),
(931, '10472212163', 'JUAN CARLOS', 'PECHO', 'ROMERO', 'JR. PETRONA APOLAYA N°  556', '56', '985324113', 8, NULL, NULL),
(932, '20612568414', 'DELIA', 'ARTEAGA', 'ALVARADO', 'CALLE  MARISCAL GAMARRA', '150', '947700053', 3, NULL, NULL),
(933, '10472212163', 'J U A N     CARLOS', 'PECHO', 'ROMERO', 'CALLE. PETRONA APOLAYA N°  5 5 6', '58', '985324113', 8, NULL, NULL),
(934, '20611173211', 'INVERSIONES', 'ILLAPHA', 'MG  S.A.C', 'JR. MIGUEL GRAU N°639', '41.65', '928232340', 6, NULL, NULL),
(935, '20612747777', 'IMPORTACIONES', 'ALESUKIM', 'S.A.C', 'JR.RAMON CASTILLA N°215', '24', '957781646', 8, NULL, NULL),
(936, '20611505494', 'AGROVETERINARIA', 'GRUPO', 'RIVERA S.A.C', 'JR. PETRONA APOLAYA N°372', '50', '918170094', 4, NULL, NULL),
(937, '20611505494', 'AGROVETERINARIA', 'GRUPO', 'RIVERA S.A.C.', 'JR. PETRONA APOLAYA 370', '50', '918170094', 4, NULL, NULL),
(938, '20611505494', 'AGROVETERINARIA', 'GRUPO', 'RIVERA SAC', 'JR. RUFINO ECHENIQUE N°626', '50', '918170094', 6, NULL, NULL),
(939, '10441784479', 'DENIS ITALO', 'SOTOMAYOR', 'COSAR', 'JR. JOSE MARIA FLORES N° 150', '23.85 M2', '998766520', 3, NULL, NULL),
(940, '10441784479', 'DENIS ITALO', 'SOTOMAYOR', 'COSAR', 'JR. MIGUEL GRAU N° 220', '52.48 M2', '998766520', 3, NULL, NULL),
(943, '20538235050', 'ESCUELA INTERNACIONAL', 'DE OPERADORES GOLDEN', 'MINE S.A.C.', 'JR. PETRONA APOLAYA N° 400', '15 M2', '991444045', 3, NULL, NULL),
(944, '17334044688', 'FELIPE', 'CORDOVA', 'PAITAN', 'AV. LOS HEROES 190 - CHUPACA', '9M2', '917460117', 8, NULL, NULL),
(945, '20538235050', 'ESCUELA INTERNACIONAL DE', 'OPERADORES GOLDEN', 'MINE SAC', 'JR. PETRONA APOLAYA N°400', '15 M2', '991444045', 3, NULL, NULL),
(946, '10712378528', 'WENDY JANETH', 'ANGOMA', 'QUIÑONES', 'JR. MARISCAL GAMARRA N° 136', '36 M2', '931372810', 3, NULL, NULL),
(947, '10740943486', 'SARITA MILAGROS', 'ALVARADO', 'ZEBALLOS', 'JR. JOSE MARIA FLORES N° 140', '18.02 M2', '916720104', 8, NULL, NULL),
(948, '20600246845', 'INVERSIONES', 'ARTA', 'S.A.C.', 'JR. BRUNO TERREROS N° 409', '80 M2', '984346584', 2, NULL, NULL),
(949, '10445372001', 'JACKELINE TATIANA', 'CERRON', 'OCHOA', 'JR. ANDREA ARAUCO N° 109', '8 M2', '994872553', 8, NULL, NULL),
(950, '1072254289', 'YIMY JONATHAN', 'ALVARADO', 'QUISPE', 'AV. LOS HEROES N°106', '5 M2', '916886185', 8, NULL, NULL),
(951, '10770950576', 'HENRY', 'LAPA', 'CLEMENTE', 'JR. SANTOS BRAVO S/N', '20 M2', '987177342', 10, NULL, NULL),
(952, '10476345001', 'ADRIAN', 'JARAMILLO', 'HUAYNALAYA', 'JR. SANTOS BRAVO S/N', '25 M2', '90090074', 10, NULL, NULL),
(953, '10415051871', 'UZI GUNI', 'SANTIAGO', 'VELASQUEZ', 'JR. BRUNO TERREROS N° 889', '26 M2', '973796528', 6, NULL, NULL),
(954, '10708537778', 'NILDA JUSTINA', 'MUÑOZ', 'ALARCON', 'JR. COMUN S/N', '12 M2', '985859963', 35, NULL, NULL),
(955, '1024339746', 'CASILDA CLEFE', 'QUINTO', 'DAMIAN', 'AV. CIRCUNVALACION S/N', '25 M2', '936106383', 3, NULL, NULL),
(956, '1071484556', 'KAREL LAYDI', 'OLIVAS', 'VENTURA', 'JR. BERNARD BLENKER S/N', '32 M2', '901258603', 33, NULL, NULL),
(957, '10470144928', 'ELIDA LUZMILA', 'HUAYTA', 'HINOJOSA', 'JR. ALONSO MERCADILLO N° 210', '000 M2', '980516663', 8, NULL, NULL),
(958, '10720868054', 'KATHY LUCILA', 'HUAYLINOS', 'YUPANQUI', 'JR. PETRONA APOLAYA N° 409', '40.08 M2', '937490659', 3, NULL, NULL),
(959, '10454918512', 'KAROL MICHAEL', 'AVILA', 'MARTEL', 'JR. BENIGNO DORREGARAY S/N', '29.7 M2', '952677333', 33, NULL, NULL),
(960, '20606692758', 'CLINICA SUAREZ', 'LOARDO', 'E.I.R.L.', 'JR. MARISCAL GAMARRA N° 136', '23 M2', '955668897', 6, NULL, NULL),
(961, '20611901284', 'SUAREZ LOARDO', 'SLY INVERSIONES', 'E.I.R.L.', 'JR. MARIA MIRANDA N° 434', '30 M2', '955668897', 33, NULL, NULL),
(962, '10477842998', 'KARENS OLGA', 'LOPEZ', 'CUNO', 'JR. ALONSO MERCADILLO N° 251', '90 M2', '964166738', 8, NULL, NULL),
(963, '10703617544', 'SIXTO', 'QUISPE', 'FLORES', 'AV. LOS HEROES 309', '45 M2', '955944139', 3, NULL, NULL),
(964, '20610842870', 'distribuidora mundo', 'magico', 'E.I.R.L.', 'jr. bartolome guerra N°229', '66.55 M2', '942789831', 33, NULL, NULL),
(965, '10703617544', 'SIXTO', 'QUISPE', 'FLORES', 'av. los heroes N° 309', '45 m2', '955944139', 8, NULL, NULL),
(966, '20610842870', 'DISTRIBUIDORA', 'MUNDO MAGICO', 'EIRL', 'JR. BARTOLOME GUERRA N° 229', '66.55 M2', '942789831', 8, NULL, NULL),
(967, '10703200589', 'ANGELA KAREN', 'TORO', 'CCOICA', 'JR. 9 DE OCTUBRE S/N', '36 M2', '902255094', 10, NULL, NULL),
(968, '20610582169', 'CORPORACION', 'WASSI SHAY', 'EIRL', 'JR. BRUNO TERREROS N° 530', '208.70 M2', '934034401', 6, NULL, NULL),
(969, '10469221747', 'EVELIN', 'DE LA CRUZ', 'MUCHA', 'JR. ALONSO MERCADILLO N° 203', '70 M2', '997139985', 8, NULL, NULL),
(970, '000000000', 'GGGGGGGG', 'GGGGGG', 'GGGGGG', 'FFFFFF', 'FFFFF', '222222222', 8, NULL, NULL),
(971, '20610981888', 'CORPORACION', 'Y  E ABDIEL', 'S.A.C.', 'JR. ALONSO MERCADILLO N° 345', '75 M2', '992481035', 6, NULL, NULL),
(972, '20610981888', 'CORPORACION Y E ABDIEL', 'SOCIEDAD ANONIMA', 'CERRADA', 'JR. ALONSO MERCADILLO N° 345', '75 M2', '992481035', 6, NULL, NULL),
(973, '10734439911', 'ESAU MEQUIAS', 'HUAIRE', 'AQUINO', 'JR. ALONSO MERCADILLO N° 263', '200 M2', '949312251', 3, NULL, NULL),
(974, '20607908096', 'ALYCOVS SOCIEDAD', 'ANONIMA', 'CERRADA', 'JR. BRUNO TERREROS S/N', '30 M2', '926953514', 6, NULL, NULL),
(975, '20610981888', 'CORPORACION Y E ABDIEL', 'SOCIEDAD ANONIMA', 'CERRADA', 'JR.ALONSO MERCADILLO N° 345', '75 M2', '992481035', 3, NULL, NULL),
(976, '02061098188', 'CORPORACION', 'Y. E.', 'SOCIEDAD ANONIMA CERRADA', 'JR. ALONSO MERCADILLO N° 345', '75 M2', '992481035', 3, NULL, NULL),
(977, '10481030531', 'ORLANDO PERCY', 'VELASQUEZ', 'AVELLANEDA', 'JR. BENIGNO DORREGARAY N° 470', '90 M2', '929231059', 8, NULL, NULL),
(978, '10758757884', 'DAJANA NELLY', 'LOPEZ', 'ALDANA', 'JR. ALONSO MERCADILLO S/N', '48 M2', '920748268', 6, NULL, NULL),
(979, '20602669280', 'EMPRESA DE TRANSPORTES GALVAN -', 'S.A.C.', 'E.T. GALVAN S.A.C.', 'JR- ROSA PEREZ N°800', '6M2', '900705172', 6, NULL, NULL),
(980, '10199380210', 'VILMA LURDES', 'CRISOSTOMO', 'RODRIGUEZ', 'AV. 28 DE JULIO S/N', '18 M2', '988713932', 33, NULL, NULL),
(981, '10201030884', 'LOURDES', 'ROJAS', 'SANCHEZ', 'JR. ALONSO MERCADILLO N° 325', '40 M2', '961636602', 8, NULL, NULL),
(982, '10466025769', 'MARIA SOLEDAD', 'SALAZAR', 'BARRETO', 'JR. MIGUEL GRAU N° 318', '17.50 M2', '', 3, NULL, NULL),
(983, '10735156778', 'IRMA ROSARIO', 'ALVARADO', 'ALVARADO', 'JR. DAMASO CABALLERO N° 249', '32 M2', '983747521', 3, NULL, NULL),
(984, '20541501135', 'UMI CELL', 'PHONE', 'E.I.R.L.', 'PSJ. LOURDES N° 172', '8.2 M2', '940006622', 3, NULL, NULL),
(985, '10728402917', 'ROUSVEL MOISES', 'HUAIRE', 'MAGNO', 'JR. RUFINO ECHENIQUE N°423', '30 M2', '982320383', 5, NULL, NULL),
(986, '10210690803', 'TEODOSIA', 'ALANIA', 'HUAMAN', 'JR. MARIA FLORES N° 156', '31 M2', '92186189', 33, NULL, NULL),
(987, '10422950597', 'DAYSI LUZ', 'QUISPE', 'ALANIA', 'JR. MIGUEL GRAU N° 204', '52 M2', '921861389', 3, NULL, NULL),
(988, '10200071048', 'EDITH NANCY', 'ALIAGA', 'ALIAGA', 'JR. ALONSO MERCADILLO INT.JR. B.D.', '26.6 M2', '', 8, NULL, NULL),
(989, '20100209641', 'CAJA MUNICIPAL DE AHORRO Y CREDITO', 'DE AREQUIPA S.A .-', 'CAJA AREQUIPA', 'JR. ANDREA ARAUCO N° 157', '343.02 M2', '987175471', 8, NULL, NULL),
(990, '10470499741', 'ALFREDO ALBERTO', 'CAMAYO', 'GALVAN', 'JR. MARISCAL CACERES S/N', '500 M2', '929342453', 34, NULL, NULL),
(991, '10701267821', 'AYDA', 'RUIZ', 'CRISPIN', 'JR. BARTOLOME GUERRA  S/N', '25 M2', '961669292', 3, NULL, NULL),
(992, '10765063138', 'EDITH LUZ', 'MACHACUAY', 'ARREDONDO', 'JR. MARIA MIRANDA N° 456', '18 M2', '980142263', 8, NULL, NULL),
(993, '10414037661', 'MIGUEL ANGEL', 'SEGURA', 'SALCEDO', 'JR. PETRONA APOLAYA N° 586', '50 M2', '986600200', 3, NULL, NULL),
(994, '10199071829', 'ESPERANZA', 'DIEGO', 'VILCHEZ', 'JR. RUFINO ECHENIQUE N°662', '40 M2', '954078208', 6, NULL, NULL),
(995, '10422193818', 'RENNIE HENRY', 'MENDOZA', 'SAUÑI', 'JR. CORONEL GUERRA N° 298', '42 M2', '936553490', 3, NULL, NULL),
(996, '10740541027', 'CONSUELO', 'VEGA', 'INGA', 'JR. BRUNO TERREROS N° 535', '30 M2', '982153841', 8, NULL, NULL),
(997, '10768180879', 'HEMELY SHARLOT', 'CAPCHA', 'QUISPE', 'JR. BARTOLOME GUERRA S/N', '10 M2', '910089507', 3, NULL, NULL),
(998, '10200928127', 'SARA ZORAIDA', 'DE LA CRUZ', 'CARDENAS', 'AV. LOS HEROES N° 205', '179 M2', '930357248', 8, NULL, NULL),
(999, '10739598376', 'JHON JEORGIO', 'PARIONA', 'ALVARADO', 'JR. MARISCAL GAMARRA N° 164', '35 M2', '940995111', 3, NULL, NULL),
(1000, '10199889716', 'EUGENIA', 'DE LA CRUZ', 'CAMAYO', 'JR. PETRONA APOLAYA S/N', '4 M2', '963471259', 3, NULL, NULL),
(1001, '10467091951', 'ISRAEL DAVID', 'MATAMOROS', 'MUCHA', 'JR. BARTOLOME GUERRA  N° 295', '45 M2', '954063963', 3, NULL, NULL),
(1002, '20100209641', 'CAJA MUNICIPAL DE AHORRO', 'Y CREDITO DE AREQUIPA S.A.', '- CAJA AREQUIPA', 'JR. ALONSO MERCADILLO S/N', '24.58 M2', '964329690', 8, NULL, NULL),
(1003, '20402190303', 'SERV.AGROP.VALLE', 'DEL MANTARO', 'E.I.R.LTDA.', 'AV. CIRCUNVALACION C-18', '30 M2', '064439892', 8, NULL, NULL),
(1004, '20402190303', 'SERV.AGROP.', 'VALLE DEL', 'MANTARO E.I.R.LTDA.', 'JR.  BRUNO TERREROS N° 600', '40 M2', '064439892', 7, NULL, NULL),
(1005, '10430650390', 'ORMIÑO', 'ESCOBAR', 'LANDEO', 'JR. RUFINO ECHENIQUE', '207.65 M2', '967414741', 6, NULL, NULL),
(1006, '10452905286', 'WILMER YOEL', 'CHACA', 'VILCA', 'JR. PETRONA APOLAYA N° 323', '24M2', '928881226', 3, NULL, NULL),
(1007, '10423785042', 'FIDEL', 'ESPEJO', 'MACURI', 'JR. ALONSO MERCADILLO N° 251', '70 M2', '947958043', 8, NULL, NULL),
(1008, '10760456786', 'ALEXANDER ANGEL', 'BONILLA', 'CARBAJAL', 'JR. RAMON CASTILLA N° 181', '15M2', '914485039', 3, NULL, NULL),
(1009, '10403533390', 'WILIAM JUAN', 'DAMIAN', 'RIVERA', 'JR.BRUNO TERREROS N° 696', '60 M2', '927503188', 6, NULL, NULL),
(1010, '10732000220', 'EDUARDO', 'INGA', 'LAZARO', 'JR.BELEN N° 117', '349.32 M2', '903061379', 33, NULL, NULL),
(1011, '10198922183', 'LUZ HORTENCIA', 'CARRILLO', 'ALIAGA', 'JR. BRUNO TERREROS N° 799', '30 M2', '957259700', 8, NULL, NULL),
(1012, '10701451703', 'QUENSI YONATAN', 'SIUCE', 'RISALVE', 'JR. ANDREA ARAUCO N° 273', '20 M2', '934179197', 8, NULL, NULL),
(1013, '10420531465', 'ELEAZAR RAMIRO', 'LOPEZ', 'QUISPE', 'JR. BRUNO TERREROS N° 582', '140 M2', '947418080', 8, NULL, NULL),
(1014, '10422062284', 'JAVIER', 'TORRES', 'BLANCO', 'AV. ARGENTINA N° 968', '300M2', '954868625', 33, NULL, NULL),
(1015, '10212497041', 'HECTOR RAUL', 'CANCHAYA', 'CRISTOBAL', 'JR.ALONSO MERCADILLO N° 310', '10 M2', '926507159', 8, NULL, NULL),
(1016, '10401161967', 'EDWIN ASCANIO', 'PAREDES', 'PUCLLAS', 'AV. ARGENTINA N° 1318', '20 M2', '931030197', 33, NULL, NULL),
(1017, '20601007518', 'GRUPO', 'WAYAYO', 'E.I.R.L.', 'AV.MARISCALCACERES S/N', '144M2', '929517130', 2, NULL, NULL),
(1019, '10200813222', 'MIGUEL', 'LEIVA', 'MEDINA', 'JR. ALONSO MERCADILLO  326', '3M2', '966185907', 6, NULL, NULL),
(1020, '10751761355', 'GEORGE', 'MEDINA', 'SOLANO', 'JR. BENIGNO DORREGARAY N°503', '5M2', '944756695', 6, NULL, NULL),
(1021, '10751761355', 'GEORGE', 'MEDINA', 'SOLANO', 'JR. BENIGNO DORREGARAY  N°503', '5M2', '944756695', 6, NULL, NULL),
(1022, '10420125441', 'KETY', 'ROJAS', 'MEDINA', 'JR.BENIGNO DORREGARAY N°575', '80M2', '954465493', 6, NULL, NULL),
(1023, '10474498081', 'JHONATAN KERMILIN', 'ADAUTO', 'SANTOS', 'AV. BRUNO TERREROS N°397', '30M2', '997898735', 8, NULL, NULL),
(1024, '20541417932', 'COOPERATIVA DE AHORRO', 'Y CREDITO CORPORACION', 'COOPERATIVA ETICA LIMITADA', 'JR. BRUNO TERREROS N° 502', '125 M2', '90193295', 6, NULL, NULL),
(1025, '10200447463', 'ELVA MARGOT', 'DIAZ', 'RODRIGUEZ', 'JR. BLENKER S/N', '521.70M2', '989196252', 33, NULL, NULL),
(1026, '10406035587', 'OSCAR RUBEN', 'ESPEJO', 'ARTICA', 'JR. ALONSO MERCADILLO N° 417', '10 M2', '972520427', 6, NULL, NULL),
(1027, '20600667565', 'APOLO ENVIRONMENT', 'AND CONSTRUCTION', 'E.I.R.L.', 'JR. PEDRO DAVILA S/N', '168.47 M2', '940159197', 34, NULL, NULL),
(1028, '20609204932', 'AGRODENIS', 'E.I.R', '.L.', 'JR. RUFINO ECHENIQUE N° 656', '80 M2', '922010409', 33, NULL, NULL),
(1029, '20609204932', 'AGRODENIS', 'E.I.', 'R.L.', 'AV. ARGENTINA N° 231', '40 M2', '922010409', 33, NULL, NULL),
(1030, '10703543966', 'TEOFILO', 'RAMOS', 'SEDANO', 'AV. 24 DE JUNIO N° 677', '30 M2', '913702532', 33, NULL, NULL),
(1031, '20606147016', 'MOVIL', 'SHOP', 'S.A.C.', 'JR. BRUNO TERREROS N° 590', '27 M2', '971091331', 3, NULL, NULL),
(1032, '10473309420', 'CARLOS EDUARDO', 'VERA', 'AYLLON', 'JR. MARIA FLORES N° 136', '50 M2', '974791786', 8, NULL, NULL),
(1033, '10199695750', 'MARIA ELENA', 'MELGAR', 'QUISPIALAYA', 'JR. ECHENIQUE S/N', '50 M2', '945793616', 8, NULL, NULL),
(1034, '10400102495', 'ROSARIO MARIBEL', 'QUISPE', 'VILLALVA', 'JR.ANDREA ARAUCO N°189', '40 M2', '950549274', 3, NULL, NULL),
(1035, '10442940644', 'LUZ YOVANA', 'ALIAGA', 'INGA', 'JR. GRAU N° 592', '20 M2', '975779004', 3, NULL, NULL),
(1036, '20609198886', 'INVERSIONES', 'CENMAR', 'E.I.R.L.', 'JR. CRISTOBAL CALLABALLAURI  490', '8461.32 M2', '964651776', 33, NULL, NULL),
(1037, '10405126155', 'CELIA', 'DAMIAN', 'PAULINO', 'AV. LOS HEROES N°750', '52 M2', '973255237', 8, NULL, NULL),
(1038, '20608129643', 'COOPERATIVA DE', 'SERVICIOS MULTIPLES', 'CHUPACA', 'PROL.  JOSE MARIA FLORES N°C1', '70 M2', '923058298', 8, NULL, NULL),
(1039, '10204013191', 'RICARDO ARTURO', 'SANTIVAÑEZ', 'LLANCO', 'JR.  FRANCISCO BOLOGNESI S/N', '350 M2', '954946077', 10, NULL, NULL),
(1040, '20611418168', 'MOTORS', 'GRUPO A   P', 'E.I.R.L.', 'AV. LOS HEROES N°720 CHUPACA', '108 M2', '920733326', 8, NULL, NULL),
(1041, '10418859763', 'LOURDES SONIA', 'CAPCHA', 'BALVIN DE MACURI', 'AV. CORONEL PARRA N° S/N', '110 M2', '977609565', 33, NULL, NULL),
(1042, '10710717431', 'PAOLA GUADALUPE', 'ALIAGA', 'JIMENEZ', 'JR. BRUNO TERREROS N°365', '150 M2', '993611639', 8, NULL, NULL),
(1043, '10763566621', 'ERIKA YESSENIA', 'LEYVA', 'YAÑE', 'JR. ANDREA ARAUCO N°121', '54 M2', '904757479', 8, NULL, NULL),
(1044, '10232702911', 'DAISE LIDIA', 'QUISPE', 'RIVEROS', 'JR. ANDREA ARAUCO N°189', '30 M2', '941976437', 8, NULL, NULL),
(1045, '20603435941', 'CONSTRUYE', 'CRISCA', 'S.A.C.', 'AV. LA ETERNIDAD S/N  PERLA BAJA', '600 M2', '995048254', 9, NULL, NULL),
(1046, '10604085476', 'MAITE ANYELI', 'NINAMANGO', 'LOPEZ', 'JR. GRAU N°306', '120 M2', '964217549', 8, NULL, NULL),
(1047, '10464645336', 'JORGE ANTONY', 'CUEVA', 'AMES', 'JR. RUFINO ECHENIQUE N°533', '50 M2', '966990790', 6, NULL, NULL),
(1048, '20610715312', 'FERRETERIA AUTOSERVICIOS', 'EL FIERRAZO', 'E.I.R.L.', 'AV. LOS HEROES N°485', '30 M2', '996024427', 8, NULL, NULL),
(1049, '20602669280', 'EMPRESA', 'DE TRANSPORTES', 'GALVAN S.A.C.', 'AV. LOS HEROES N°360', '8 M2', '951650227', 8, NULL, NULL),
(1050, '10704958981', 'FIORELLA STEFANI', 'QUISPE', 'BONILLA', 'JR. ANDREA ARAUCO N°485', '40 M2', '986782759', 8, NULL, NULL),
(1051, '10453541431', 'SUSI', 'MUCHA', 'VILCHEZ', 'AV. ARGENTINA S/N', '150 M2', '984857210', 33, NULL, NULL),
(1052, '10406090294', 'JUAN CARLOS', 'CHAMORRO', 'CHAMORRO', 'JR. BENIGNO DORREGARAY N°366', '170 M2', '954035428', 8, NULL, NULL),
(1053, '10418121616', 'JOSE LUIS', 'ORIHUELA', 'MORALES', 'JR. PEDRO DAVILA N° S/N', '30 M2', '968739481', 1, NULL, NULL),
(1054, '10101058838', 'RUIZ DIONISIO', 'RICHARD', 'ELEADES', 'JR.JOSE MARIA FLORES S/N', '51 M2', '909148338', 8, NULL, NULL),
(1055, '20521440865', 'AGRONEGOCIOS', 'VIRGEN DE', 'YAUCA S.A.C.', 'AV. BRUNO TERREROS 598', '60 M2', '979199135', 6, NULL, NULL),
(1056, '10424930585', 'YULY', 'BRUNO', 'TACZA', 'AV. MARIA MIRANDA S/N', '40 M2', '982670682', 6, NULL, NULL),
(1057, '20603872224', 'COOPERATIVA DE AHORRO', 'Y CREDITO  KURIA', '- COOPAC KURIA', 'JR. ALONSO MERCADILLO N° 00326', '120  M2', '989020867', 6, NULL, NULL),
(1058, '10712809791', 'DARIO CESAR', 'ESPINOZA', 'FERNANDEZ', 'AV. ARGENTINA N°S/N (CRUCE HUACHAC)', '50 M2', '964827498', 33, NULL, NULL),
(1059, '10198922183', 'LUZ HORTENCIA', 'CARRILLO', 'ALIAGA', 'JR. BRUNO TERREROS N°799', '30 M2', '957259700', 6, NULL, NULL),
(1060, '10800135350', 'MARCIA', 'CARHUARICRA', 'ALVAREZ', 'JR. SAN MARTIN N°618', '14 M2', '954053959', 3, NULL, NULL),
(1061, '10701394092', 'KATY KARINA', 'CASALLO', 'RICSE', 'JR. BENIGNO DORREGARAY N°260', '38.25 M2', '973320284', 8, NULL, NULL),
(1062, '10199058806', 'JUAN MAURO', 'ORELLANA', 'GUZMAN', 'JR. SAN MARTIN  S/N', '240 M2', '937165667', 10, NULL, NULL),
(1063, '10464061296', 'ELMER', 'SANDOVAL', 'ACEVEDO', 'AV. LOS HEROES 7° CUADRA', '30 M2', '936570775', 8, NULL, NULL),
(1064, '10752152867', 'LODINA NIDIA', 'MARAVI', 'OBISPO', 'JR. JOSE MARIA FLORES N°114', '40 M2', '916673430', 3, NULL, NULL),
(1065, '10200622737', 'INES', 'SANTANA', 'VILLAVERDE', 'JR. GRAU N°594', '40 M2', '972117112', 6, NULL, NULL),
(1066, '10455506498', 'CLAUDIA YVONNE', 'ALLCA', 'FLORES', 'JR. PETRONA APOLAYA N°598', '45 M2', '906483489', 3, NULL, NULL),
(1067, '20610978381', 'FIREROCK ENERGY', 'SOCIEDAD  ANONIMA', 'CERRADA', 'JR. RUFINO ECHENIQUE N°849', '15 M2', '991086625', 8, NULL, NULL),
(1068, '10451233373', 'ANGELICA LUZ', 'HUINCHO', 'BALTAZAR', 'JR. MARISCAL GAMARRA N°149', '70 M2', '924657480', 3, NULL, NULL),
(1069, '10481753223', 'NELIDA ROCIO', 'ALAYA', 'ESPINOZA', 'JR. PETRONA APOLAYA  S/N', '12 M2', '960754865', 3, NULL, NULL),
(1070, '10204343093', 'DORIS', 'QUIÑONES', 'PAULINO', 'JR. PETRONA APOLAYA N°350', '45 M2', '952999441', 3, NULL, NULL),
(1071, '20486056640', 'INVERSIONES', 'SOLANO', 'E.I.R.L.', 'JR. GRAU N° 384', '42 M2', '943328656', 8, NULL, NULL),
(1072, '10467636966', 'FABIOLA GUISELA', 'ROMANI', 'PAUCAR', 'AV. LOS HEROES N°625  CHUPACA', '30 M2', '938758086', 8, NULL, NULL),
(1073, '10467636966', 'FABIOLA GUISELA', 'ROMANI', 'PAUCAR', 'AV. LOS HEROES N° 625-', '30 M2', '938758186', 8, NULL, NULL),
(1074, '10212610700', 'LUCIA PILAR', 'RAYMUNDO', 'JESUS', 'AV. LOS HEROES S/N', '25 M2', '964528484', 8, NULL, NULL),
(1075, '20568748957', 'INSTITUCION EDUCATIVA', 'ANGELES DE', 'GUADALUPE-S.A.C.', 'JR. ECHENIQUE N°768 - CHUPACA', '1283.23 M2', '958913646', 6, NULL, NULL),
(1076, '20120507711', 'EMPRESA DE TRANSPORTES', 'SALAZAR  EMPRESA INDIVIDUAL', 'DE RESPONSABILIDAD LIMITADA', 'JR. JOSE MARIA FLORES N°331-CHUPACA', '6M2', '923476721', 8, NULL, NULL),
(1077, '20602678335', 'AGROMAQ', 'J.F.', 'S.A.C.', 'JR. BRUNO TERREROS N° 642-CHUPACA', '38 M2', '958198647', 6, NULL, NULL),
(1078, '10425571031', 'BANESSA JANETT', 'ALIAGA', 'INGA', 'AV. LOS HEROES N°309 - CHUPACA', '40 M2', '926639253', 8, NULL, NULL),
(1079, '20610916857', 'GRUPO', 'SOCORRO', 'S.A.C.', 'JR. BARTOLOME GUERRA N°158', '100 M2', '983546139', 8, NULL, NULL),
(1080, '10702114221', 'DENIS MILAGROS', 'ALIAGA', 'INGA', 'AV. LOS HEROES N°134 - CHUPACA', '40 M2', '926639253', 8, NULL, NULL),
(1081, '10468640801', 'ELIAS', 'ALVARADO', 'PEÑA', 'JR. PETRONA APOLAYA N°425 - CHUPACA', '28 M2', '901886934', 3, NULL, NULL),
(1082, '10402833721', 'ISRAEL ABAD', 'SANTIAGO', 'VELASQUEZ', 'BRUNO TERREROS CON SANTOS BRAVO C5', '28.5 M2', '972346938', 6, NULL, NULL),
(1083, '10431544411', 'ROSARIO NATALY', 'CASTILLO', 'AMES', 'JR. RUFINO ECHENIQUE N°565-CHUPACA', '60 M2', '934563647', 6, NULL, NULL),
(1084, '10761735379', 'CATERYN', 'TODELANO', 'ALCANTARA', 'JR. GRAU N° 406 -CHUPACA', '57 M2', '925487028', 6, NULL, NULL),
(1085, '10720868054', 'KATHYA LUCILA', 'HUAYLINOS', 'YUPANQUI', 'JR. MIGUEL GRAU N°598 - CHUPACA', '22.5 M2', '937490659', 6, NULL, NULL),
(1086, '20600514572', 'MI CREDI CASH', 'PYME', 'S.A.', 'AV. MARIA MIRANDA N°200-CHUPACA', '31 M2', '993267196', 8, NULL, NULL),
(1087, '10712843191', 'ANDERSON', 'ALFONSO', 'PAUCAR', 'JR. ANDREA ARAUCO N°166', '21 M2', '958367173', 8, NULL, NULL),
(1088, '10710225571', 'JOSE RODOLFO', 'YAÑAC', 'MATAMOROS', 'AV. 24 DE JUNIO N°208', '24 M2', '949301117', 2, NULL, NULL),
(1089, '20613607006', 'CORPORACION JERUSALEN', 'LUZ EMPRESA INDIVIDUAL', 'DE RESPONSABILIDAD LIMITADA', 'JR. MIGUEL GRAU N°417-CHUPACA', '40 M2', '943245842', 6, NULL, NULL),
(1090, '10762936891', 'YUMARY BILHA', 'PINILLOS', 'RIVERA', 'JR. RUFINO ECHENIQUE 854', '50 M2', '939267510', 6, NULL, NULL),
(1091, '20602669280', 'EMPRESA DE TRANSPORTES', 'GALVAN', 'S.A.C.', 'AV. LOS HEROES N° 360 - CHUPACA', '318 M2', '900705172', 8, NULL, NULL),
(1092, '10199899240', 'EDU', 'TAIPE', 'CAMAYO', 'JR. PETRONA APOLAYA N°921', '9 M2', '972467272', 6, NULL, NULL),
(1093, '10769480434', 'PATSY SHAYLA', 'GUIDOTTI', 'PALACIOS', 'JR. BENIGNO DORREGARAY N°261', '45 M2', '932654544', 8, NULL, NULL),
(1094, '10770389742', 'EDUARDO', 'FLORES', 'MAMANI', 'JR. BENIGNO DORREGARAY N°524', '20 M2', '999383533', 8, NULL, NULL),
(1095, '20606180056', 'INVERSIONES', 'GRUPO', 'ALIAGA E.I.R.L.', 'AV. ARGENTINA', '50 M2', '999383533', 33, NULL, NULL),
(1096, '10756612269', 'JORGE LUIS', 'MACHA', 'CASTILLON', 'AV. ARGENTINA S/N Y JR. SAN ISIDRO', '80 M2', '921227214', 33, NULL, NULL),
(1097, '10439158889', 'SERGIO', 'CASAS', 'MISARI', 'JR. BENIGNO DORREGARAY N°201', '29.8 M2', '964861448', 8, NULL, NULL),
(1098, '20541501135', 'UMI CELL', 'PHONE', 'E.I.R.L.', 'JR. MIGUEL GRAU N°235', '40 M2', '940006622', 8, NULL, NULL),
(1099, '10764111139', 'RUENYER ANIBAL', 'GALVAN', 'MARCALAYA', 'JR. BRUNO TERREROS  N°0195', '26 M2', '992736040', 8, NULL, NULL),
(1100, '20604936696', 'GRUPO CORPORATIVO', 'AVANTE', 'S.A.C.', 'JR.  ANTONIO RAYMONDI N°1246', '65 M2', '941698227', 8, NULL, NULL),
(1101, '20604936960', 'GRUPO', 'CORPORATIVO', 'AVANTE S.A.C.', 'JR. ANTONIO RAYMONDI N°1246', '65', '941698227', 8, NULL, NULL),
(1102, '10703163063', 'FABIOLA ROSARIO', 'RAMIREZ', 'MONTALVO', 'JR. ECHENIQUE C-1', '12 M2', '967816742', 8, NULL, NULL),
(1103, '10468010521', 'MIRIAN', 'ACOSTA', 'LAZO', 'JR. PETRONA APOLAYA N°409-CHUPACA', '40.78 M2', '952550881', 3, NULL, NULL),
(1104, '10741690573', 'YOMARA LEONELA', 'CASALLO', 'AQUINO', 'JR. RUFINO ECHENIQUE N° 569', '36 M2', '924558932', 8, NULL, NULL),
(1105, '20614037874', 'GROUP', 'INVERSIONES', 'PAR S.R.L.', 'JR. ANTONIO RYMONDI S/N', '70 M2', '945492374', 8, NULL, NULL),
(1106, '10733734138', 'KATERIN RUTH', 'VILCHEZ', 'SAMANIEGO', 'JR. JOSE MARIA FLORES S/N', '30 M2', '927327441', 8, NULL, NULL),
(1107, '10199731756', 'CIRILA', 'PEÑA', 'CERRON', 'JR. SANTA ROSA S/N', '8 M2', '918338168', 33, NULL, NULL),
(1108, '10461502739', 'JOSE IVAN', 'RAMOS', 'BENDEZU', 'JR. MARIA MIRANDA  N°202', '32 M2', '954027957', 8, NULL, NULL),
(1109, '20611637838', 'CORPORACION ANDINA', 'AVENTIS PERU', 'E.I.R.L.', 'JR. PETRONA APOLAYA N°598', '45 M2', '960283061', 3, NULL, NULL),
(1110, '20613215221', 'CORPORACION', 'LUCHIN', 'E.I.R.L.', 'JR. ANTONIO RAYMONDI N°638', '20 M', '919163986', 8, NULL, NULL),
(1111, '20601364329', 'CORPORACIÓN', 'AVANZANDO', 'S.R.L.', 'JR BRUNO TERREROS N°441', '100 M2', '978562066', 8, NULL, NULL),
(1112, '10430402795', 'MARIA JUANA', 'ÑAHUI', 'PINO', 'JR. JOSE MARIA FLORES S/N', '36 M2', '961400478', 8, NULL, NULL),
(1113, '20613462407', 'ORDAYA GROUP', 'EVENTOS CORPORATIVOS', 'Y SOCIALES E.I.R.L.', 'JR. DAMASO CABALLERO N° 386', '858 M2', '994536175', 3, NULL, NULL),
(1114, '20611920998', 'FIOATNY', 'E.I.R.L', '.', 'JR. RAMON CASTILLA N°S/N 1°', '38 M2', '994440211', 8, NULL, NULL),
(1115, '10454589764', 'JOSUE JOEL', 'RIOS', 'DAMIAN', 'JR. MIGUEL GRAU N°522', '17.5 M2', '992671770', 6, NULL, NULL),
(1116, '10460099574', 'MARISELA VALENTINA', 'MALLMA', 'CHAVEZ', 'JR. ALONSO MERCADILLO (CANCHAS GEMELAS)', '200 M2', '900008616', 8, NULL, NULL),
(1117, '10751761355', 'GEORGE', 'MEDINA', 'SOLANO', 'JR. ALONSO MERCADILLO N°203', '70 M2', '944756698', 8, NULL, NULL),
(1118, '10751761355', 'GEORGE', 'MEDINA', 'SOLANO', 'JR. ALONSO MERCADILLO N°203  2DO  NIVEL', '50 M2', '944756698', 8, NULL, NULL),
(1119, '10418922562', 'DARIO', 'POMALAYA', 'ALFARO', 'AV. LOS HEROES 134', '38 M2', '93687562', 8, NULL, NULL),
(1120, '10440680599', 'AMERICO', 'DAMIAN', 'COTERA', 'JR. BRUNO TERREROS N°397', '35.38 M2', '914221889', 8, NULL, NULL),
(1121, '10445458444', 'LIZBETH', 'RODRIGUEZ', 'SAMANIEGO', 'AV. ETERNIDAD S/N', '20 M2', '954837748', 9, NULL, NULL),
(1122, '10411405937', 'AYDEE', 'ORELLANA', 'HUACHO DE ARAUJO', 'JR. PETRONA APOLAYA N°1150', '1127.80 M2', '957909075', 6, NULL, NULL),
(1123, '20612539678', 'MICELL EMPRESA INDIVIDUAL', 'DE RESPONSABILIDAD', 'LIMITADA', 'JR. BARTOLOME GUERRA N°118', '29 M2', '938479535', 3, NULL, NULL),
(1124, '10200820334', 'JUAN MANUEL', 'ALIAGA', 'ORELLANA', 'AV. LOS HEROES N°230', '343.53 M2', '954442954', 8, NULL, NULL),
(1125, '20612267082', 'HOTEL', 'JAPATA', 'S.A.C.', 'AV. ARGENTINA N° S/N LT. 02  CHUPACA', '180 M2', '941373161', 33, NULL, NULL),
(1126, '20614179474', 'GRUPO', 'NOGY', 'S.A.C.', 'JR. SANTOS BRAVO S/N CHUPACA', '180 M2', '965484080', 5, NULL, NULL),
(1127, '10455566628', 'YANINA', 'LARA', 'TORRES', 'AV. ARGENTINA  C-4', '140 M2', '935248884', 33, NULL, NULL),
(1128, '20609128675', 'CORPORACION MEDICA STAR', 'SALUD SOCIEDAD COMERCIAL', 'DE RESPONSABILIDAD LIMITADA', 'BENIGNO DORREGARAY MZ B INT.17', '180 M2', '943074722', 6, NULL, NULL),
(1129, '10703552914', 'OLARTE', 'RAMOS', 'MYGOMY', 'AV. 24 DE JUNIO N° S/N', '118.81 M2', '900724351', 2, NULL, NULL),
(1130, '10440751623', 'SAMUEL FREDY', 'INGA', 'MONTERO', 'AV. ETERNIDAD N°546', '100  M2', '964614371', 9, NULL, NULL),
(1131, '20612347671', 'QUSKA INVERSIONES', 'JW SOCIEDAD ANONIMA', 'CERRADA', 'JR. MARIA MIRANDA N°238', '35 M2', '992109645', 6, NULL, NULL),
(1132, '20608226444', 'FINANCIERA CREDITOS WANKA', 'SOCIEDAD COMERCIAL', 'DE RESPONSABILIDAD LIMITADA', 'JR. MARISCAL CASTILLA N°112', '30 M2', '950293869', 8, NULL, NULL),
(1133, '10439191410', 'KATTY MARITZA', 'BALBIN', 'CALDERON', 'JR. ALONSO MERCADILLO S/N', '30 M2', '996644424', 8, NULL, NULL),
(1134, '10476286838', 'PAUL ERICK', 'INGA', 'QUIÑONES', 'JR. MARIA MIRANDA N°305', '140 M2', '982722546', 8, NULL, NULL),
(1135, '20610020471', 'GRUPO RYDEM PERU', 'SOCIEDAD', 'ANONIMA CERRADA', 'JR. DAMASO CABALLERO N°269', '35 M2', '989486318', 6, NULL, NULL),
(1136, '10431676864', 'SARA', 'LAPA', 'ALCANTARA', 'JR. RUFINO ECHENIQUE C #06', '42 M2', '992986234', 8, NULL, NULL),
(1137, '10474740019', 'MARICELA', 'JIMENEZ', 'CUEVA', 'AV. LOS HEROES N°300', '34 M2', '904339718', 8, NULL, NULL),
(1138, '10441895246', 'FREDY WALTHER', 'ALVARADO', 'ORDOÑEZ', 'JR. ALONSO MERCADILLO N°383', '17 M2', '947268902', 8, NULL, NULL),
(1139, '10721171758', 'ABEL', 'RODRIGUEZ', 'BASTIDAS', 'JR. TEODORO PEÑALOZA S/N BARRIO COMUN', '203 M2', '933445347', 7, NULL, NULL),
(1140, '10423000819', 'NERIDA SERAFINA', 'VILLANUEVA', 'CAMAYO', 'AV. CIRCUNVALACION Y ANTONIO RAYMONDI S/N', '55 M2', '978619229', 6, NULL, NULL),
(1141, '20486379902', 'CORPORACION DE FUEGOS ARTIFICIALES', 'SEÑOR DE', 'HUANCA S.A.C', 'AV. CHUPACA S/N Y FELIX ALDAO', '6.48M2', '967174768', 2, NULL, NULL),
(1142, '10763822708', 'MAEK', 'QUIÑONES', 'BRUNO', 'AV. ARGENTINA S/N CRUCE HUACHAC', '29.96 M2', '989541264', 33, NULL, NULL),
(1143, '10736337539', 'DANIEL STIBEN', 'RUTTI', 'PAJUELO', 'JR. ALONSO MERCADILLO N°268', '160 M2', '987198125', 8, NULL, NULL),
(1144, '10734708769', 'DANITZA', 'VILLAVERDE', 'CORO', 'JR. BRUNO TERREROS N° 537', '32.84 M2', '929369691', 6, NULL, NULL),
(1145, '10476266381', 'LIZ KARINA', 'ALIAGA', 'ALANYA', 'JR. SANTOS BRAVO N°826', '80 M2', '934364707', 6, NULL, NULL),
(1146, '10457631907', 'ROXANA', 'PUERTAS', 'ANCCASI', 'JR. PETRONA APOLAYA N°560', '50 M2', '995057644', 5, NULL, NULL),
(1147, '10461408490', 'RUTH SANDY', 'ORIHUELA', 'ARTICA', 'JR. CRISTOBAL CALLABALLAURI S/N', '138 M2', '937031882', 33, NULL, NULL),
(1148, '10482804735', 'KEVIN LUIS', 'GARCIA', 'GARCIA', 'JR. SANTOS BRAVO S/N', '20 M2', '919465734', 6, NULL, NULL),
(1149, '10200481025', 'PERCY', 'CONTRERAS', 'VILLANUEVA', 'JR. BENIGNO DORREGRAY N°402', '30 M2', '964050731', 8, NULL, NULL),
(1150, '20600174615', 'BIOS', 'FARMAX', 'E.I.R.L.', 'JR. ALONSO MERCADILLO N°401', '36.21 M2', '999999999', 6, NULL, NULL),
(1151, '20609729181', 'ET', 'LINEA 2', 'S.A.C.', 'JR. PETRONA APOLAYA N° 518', '200 M2', '900705172', 5, NULL, NULL),
(1152, '10200929727', 'LOURDES', 'LAZO', 'SOTO', 'JR. GRAU N° 556', '319.34 M2', '932135802', 6, NULL, NULL),
(1153, '20221980175', 'EMP DE TRANSPORTES', 'SANTA', 'BARBARA S A', 'PROL. MCAL. GAMARRA/CIRCUNVALACION S/N', '16 M2', '903070995', 3, NULL, NULL),
(1154, '10732152186', 'ROCIO ERIKA', 'HUAMAN', 'HINOSTROZA', 'JR. JOSE MARIA FLORES N°286', '32.61 M2', '972330228', 8, NULL, NULL),
(1155, '10486080553', 'SARELA ISABEL', 'INGA', 'CAMAYO', 'JR. PETRONA APOLAYA N°560', '297 M2', '969001439', 5, NULL, NULL);

-- --------------------------------------------------------

--
-- Estructura de tabla para la tabla `usuario`
--

CREATE TABLE `usuario` (
  `idpersona` int(11) NOT NULL,
  `nombres` varchar(80) NOT NULL,
  `apellidop` varchar(90) NOT NULL,
  `apellidom` varchar(90) NOT NULL,
  `direccion` varchar(90) NOT NULL,
  `dni` varchar(8) NOT NULL,
  `contrasena` varchar(80) NOT NULL,
  `condicion` tinyint(4) NOT NULL DEFAULT 1,
  `tipo_usuario` varchar(50) DEFAULT NULL
) ENGINE=InnoDB DEFAULT CHARSET=utf8 COLLATE=utf8_spanish_ci;

--
-- Volcado de datos para la tabla `usuario`
--

INSERT INTO `usuario` (`idpersona`, `nombres`, `apellidop`, `apellidom`, `direccion`, `dni`, `contrasena`, `condicion`, `tipo_usuario`) VALUES
(15, 'pedro', 'Suasnabar', 'Ricaldi', 'JR Alonso mercadillo 222', '47718632', '$2y$10$Z6f0rqfbXEHk4wd5Wa/kM.lr8Hy.5Qt0.YbdvtPg9olwBeCuPDMY.', 0, NULL),
(16, 'jose', 'Lazo', 'Maravi', 'BRUNO TERREROS', '80538037', '$2y$10$aXQACkenM4j1loC.QlbvOu4ewHYnDwBBO8GdAT.sCI31dkdXcLM6C', 0, NULL),
(17, 'MARCOS', 'LEIVA', 'ROJAS', 'JR. GRAU', '42035435', '$2y$10$aeslEKlWR00AOweEX3.cXeR5IzG4oXNXBYSZlDIBrju4FrSzKE7Da', 1, NULL),
(18, 'SHEYSON', 'RAMIREZ', 'OLIVERA', 'JR GRAU 390', '72216072', '$2y$10$TKLFGXbkvjGvudC7ftV/y.Ojjb0D9Q2e05Fh6JvcF58jHlvuwvPIS', 1, NULL),
(22, 'JOSE LUIS', 'HUARCAYA', 'WINCHEZ', 'Jr. Los nevados', '43016402', '$2y$10$JJDv6UbyBCrZl43MYBngHO6KStISw62DNdR4JRzYaBZYPg./exoGm', 1, NULL),
(25, 'Alex', 'goya', 'Fer', 'La libertad', '60932604', '$2y$10$.28BCwYLE9zdkTneXhHBxOUvNBrQKAZt9GMzMOoR0Oeg3LJcqqiTy', 1, NULL),
(30, 'Yossep', 'Mendoza', 'Garcia', 'AV. Gindales', '67897643', '$2y$10$10uLUh6UFIxv9p1uhTyx.eb8Jcd4Elk1Wcx9h1forHRsemBRbHlli', 1, NULL);

-- --------------------------------------------------------

--
-- Estructura de tabla para la tabla `zonas`
--

CREATE TABLE `zonas` (
  `id_zona` int(11) NOT NULL,
  `nombre_zona` varchar(255) DEFAULT NULL
) ENGINE=InnoDB DEFAULT CHARSET=latin1 COLLATE=latin1_swedish_ci;

--
-- Volcado de datos para la tabla `zonas`
--

INSERT INTO `zonas` (`id_zona`, `nombre_zona`) VALUES
(1, 'CALLABALLAURI '),
(2, 'YAUYO '),
(3, 'CARMEN ALTO'),
(4, 'SAN JUAN '),
(5, 'AZANA '),
(6, 'LA VICTORIA'),
(7, 'COMÚN '),
(8, 'LA LIBERTAD '),
(9, 'LA PERLA '),
(10, 'VISTA ALEGRE'),
(33, 'BUENOS AIRES'),
(34, 'SAN MIGUEL DE PINCHA '),
(35, 'LA UNIÓN ');

--
-- Índices para tablas volcadas
--

--
-- Indices de la tabla `giro`
--
ALTER TABLE `giro`
  ADD PRIMARY KEY (`idgiro`);

--
-- Indices de la tabla `intervenciones`
--
ALTER TABLE `intervenciones`
  ADD PRIMARY KEY (`idintervencion`),
  ADD KEY `intervenciones-licencia` (`idlicencia`),
  ADD KEY `intervenciones-tienda` (`idtienda`);

--
-- Indices de la tabla `licencia`
--
ALTER TABLE `licencia`
  ADD PRIMARY KEY (`idlicencia`),
  ADD KEY `licencia-tienda` (`idtienda`),
  ADD KEY `licencia-giro` (`idgiro`);

--
-- Indices de la tabla `tienda`
--
ALTER TABLE `tienda`
  ADD PRIMARY KEY (`idtienda`),
  ADD KEY `id_zona` (`id_zona`);

--
-- Indices de la tabla `usuario`
--
ALTER TABLE `usuario`
  ADD PRIMARY KEY (`idpersona`);

--
-- Indices de la tabla `zonas`
--
ALTER TABLE `zonas`
  ADD PRIMARY KEY (`id_zona`);

--
-- AUTO_INCREMENT de las tablas volcadas
--

--
-- AUTO_INCREMENT de la tabla `giro`
--
ALTER TABLE `giro`
  MODIFY `idgiro` int(11) NOT NULL AUTO_INCREMENT, AUTO_INCREMENT=136;

--
-- AUTO_INCREMENT de la tabla `intervenciones`
--
ALTER TABLE `intervenciones`
  MODIFY `idintervencion` int(11) NOT NULL AUTO_INCREMENT;

--
-- AUTO_INCREMENT de la tabla `licencia`
--
ALTER TABLE `licencia`
  MODIFY `idlicencia` int(11) NOT NULL AUTO_INCREMENT, AUTO_INCREMENT=527;

--
-- AUTO_INCREMENT de la tabla `tienda`
--
ALTER TABLE `tienda`
  MODIFY `idtienda` int(11) NOT NULL AUTO_INCREMENT, AUTO_INCREMENT=1156;

--
-- AUTO_INCREMENT de la tabla `usuario`
--
ALTER TABLE `usuario`
  MODIFY `idpersona` int(11) NOT NULL AUTO_INCREMENT, AUTO_INCREMENT=31;

--
-- Restricciones para tablas volcadas
--

--
-- Filtros para la tabla `intervenciones`
--
ALTER TABLE `intervenciones`
  ADD CONSTRAINT `intervenciones-licencia` FOREIGN KEY (`idlicencia`) REFERENCES `licencia` (`idlicencia`),
  ADD CONSTRAINT `intervenciones-tienda` FOREIGN KEY (`idtienda`) REFERENCES `tienda` (`idtienda`);
COMMIT;

/*!40101 SET CHARACTER_SET_CLIENT=@OLD_CHARACTER_SET_CLIENT */;
/*!40101 SET CHARACTER_SET_RESULTS=@OLD_CHARACTER_SET_RESULTS */;
/*!40101 SET COLLATION_CONNECTION=@OLD_COLLATION_CONNECTION */;
